일련번호,노선명,기점,기점 경도,기점 위도,중기점,중기점 경도,중기점 위도,종점,종점 경도,종점 위도,도로연계성,자전거도로 종류,연장,전용도로 폭원,자전거도로 폭원(분리형),보도 폭원(분리형),유효폭원측정1(비분리형),도로폭원(비분리형),유효폭원측정2(비분리형),보행량 (점),데이터기준일자
1,가련산로L,덕진동695-6(가련교),127.1101128,35.8402758,덕진동2가 245-34,127.1140487,35.8442958,덕진동2가142-28(가련광장),127.1173769,35.8468882,Y,겸용도로,1.1,0,1.3,2.6,3.9,0,0,3,2026-05-14
2,가련산로R,덕진동695-6(가련교),127.1101128,35.8402758,덕진동2가 245-8,127.1142207,35.8443975,덕진동2가142-27(가련광장),127.1167576,35.84698,Y,겸용도로,1.1,0,2,2,4,0,0,3,2026-05-14
3,가리내로L,덕진동2가693-5(가련교),127.1094395,35.8406236,덕진동2가 646-34,127.1063071,35.8431751,덕진동2가683(하가더루벤스아파트),127.1081682,35.8455954,Y,겸용도로,1.05,0,0,0,0,1.3,1.3,2,2026-05-14
4,가리내로R,덕진동2가693-5(가련교),127.1094395,35.8406236,덕진동2가 646-34,127.1063071,35.8431751,덕진동2가683(하가더루벤스아파트),127.1081682,35.8455954,Y,겸용도로,1.05,0,0,0,0,1.5,1.5,2,2026-05-14
5,건산로L,인후동2가261-8(고려정형외과),127.1451879,35.8323891,인후3동 448-42,127.1576435,35.8337284,산정동875-6,127.1711982,35.8372114,Y,겸용도로,2.5,0,0,0,0,2,2,3,2026-05-14
6,건산로R,인후동2가261-8(고려정형외과),127.1451879,35.8323891,인후3동 448-42,127.1576435,35.8337284,산정동875-6,127.1711982,35.8372114,Y,겸용도로,2.5,0,0,0,0,2.1,2.1,3,2026-05-14
7,건지산로1L,덕진동1가산18-10,127.1330058,35.851476,덕진동1가 산31,127.1341239,35.8529871, 덕진동1가 640-7(전주덕진실내배드민턴장),127.1356433,35.8528281,Y,겸용도로,0.35,0,0,0,0,2,2,3,2026-05-14
8,건지산로1R,덕진동1가산18-10,127.1330058,35.851476,덕진동1가 산31,127.1341239,35.8529871, 덕진동1가 640-7(전주덕진실내배드민턴장),127.1356433,35.8528281,Y,겸용도로,0.35,0,0,0,0,2.1,2.1,3,2026-05-14
9,건지산로2L, 덕진동1가 640-7(전주덕진실내배드민턴장),127.1356433,35.8528281,덕진동1가 88-18,127.136879,35.8553248,덕진동1가산1-1(한국소리문화의전당),127.1393057,35.8547006,Y,겸용도로,0.4,0,1.4,1.5,2.9,0,0,3,2026-05-14
10,건지산로2R, 덕진동1가 640-7(전주덕진실내배드민턴장),127.1356433,35.8528281,덕진동1가 88-18,127.136879,35.8553248,덕진동1가산1-1(한국소리문화의전당),127.1393057,35.8547006,Y,겸용도로,0.4,0,1.4,1.5,2.9,0,0,3,2026-05-14
11,견훤로1L,남노송동131-36,127.1614462,35.8181425,중노송동 13-27,127.1614407,35.8213522,중노송동 785(아중로 교차점),127.1614188,35.8246273,Y,겸용도로,0.7,0,3,2,5,0,0,3,2026-05-14
12,견훤로1R,남노송동131-36,127.1614462,35.8181425,중노송동 13-27,127.1614407,35.8213522,중노송동 785(아중로 교차점),127.1614188,35.8246273,Y,겸용도로,0.7,0,3,2.11,5.11,0,0,3,2026-05-14
13,견훤로2L,중노송동 785(아중로 교차점),127.1614188,35.8246273,견훤로 350,127.1546186,35.8425654,우아동3가743-158(효성네거리),127.1564419,35.8564777,Y,겸용도로,3.6,0,2.6,2.1,4.7,0,0,3,2026-05-14
14,견훤로2R,중노송동 785(아중로 교차점),127.1614188,35.8246273,견훤로 350,127.1546186,35.8425654,우아동3가743-158(효성네거리),127.1564419,35.8564777,Y,겸용도로,3.6,0,0,0,0,2.8,2.8,3,2026-05-14
15,견훤왕궁로1L,중노송동774-12,127.1527303,35.821176,중노송동 산61-13,127.1540181,35.8291555,인후동1가 661-12,127.1488051,35.8350063,Y,겸용도로,1.83,0,0,0,0,2.8,2.8,3,2026-05-14
16,견훤왕궁로1R,중노송동774-12,127.1527303,35.821176,중노송동 산61-13,127.1540181,35.8291555,인후동1가 661-12,127.1488051,35.8350063,Y,겸용도로,1.83,0,0,0,0,2.6,2.6,3,2026-05-14
17,견훤왕궁로2L,인후동2가 26-8(인후2동주민센터),127.1462384,35.8398819,견훤왕궁로 268-1,127.1450355,35.8420258,인후동2가1529-1,127.1442998,35.8437733,Y,겸용도로,0.42,0,0,0,0,2.5,2.5,3,2026-05-14
18,견훤왕궁로2R,인후동2가 26-8(인후2동주민센터),127.1462384,35.8398819,견훤왕궁로 268-1,127.1450355,35.8420258,인후동2가1529-1,127.1442998,35.8437733,Y,겸용도로,0.42,0,0,0,0,2.8,2.8,3,2026-05-14
19,과학로R,송천동2가310-1(송천육교),127.1247632,35.8701332,전미동1가 56-18,127.1289979,35.888166,전미동1가208-2(화포대교),127.1246936,35.8996989,Y,전용도로,3.3,2.7,0,0,0,0,0,,2026-05-14
20,기린대로1L,교동1-2(한벽루),127.1602887,35.8118543,덕진동1가 1401-1 태양전기,127.1224081,35.844459,팔복소방파출소,127.0933316,35.8596312,Y,겸용도로,8.25,0,2.5,2.5,5,0,0,4,2026-05-14
21,기린대로1R,교동1-1(한벽루),127.1603539,35.8119474,덕진동1가 1401-1 태양전기,127.1224081,35.844459,팔복소방파출소,127.0933316,35.8596312,Y,겸용도로,8.25,0,2.5,2.5,5,0,0,4,2026-05-14
22,기린대로2L,팔복소방파출소,127.0933316,35.8596312,동산동 502-13,127.084314,35.863858,호남제일문광장,127.0706028,35.8696198,Y,전용도로,2.2,3.2,0,0,0,0,0,,2026-05-14
23,기린대로2R,팔복소방파출소,127.0933316,35.8596312,동산동 502-13,127.084314,35.863858,호남제일문광장,127.0706028,35.8696198,Y,전용도로,2.2,3.2,0,0,0,0,0,,2026-05-14
24,기린대로3L,호남제일문광장,127.0706028,35.8696198,반월동 873-16,127.0671351,35.8713647,반월동726-2(월드컵경기장),127.0628965,35.8735589,Y,겸용도로,1.05,0,0,0,0,2.4,2.4,2,2026-05-14
25,기린대로3R,호남제일문광장,127.0706028,35.8696198,반월동 873-16,127.0671351,35.8713647,반월동726-1(월드컵경기장),127.0628579,35.8738246,Y,겸용도로,1.05,0,0,0,0,2.5,2.5,2,2026-05-14
26,기지로L,완산구 중동 774-4(전북은행 혁신도시지점 앞),127.058631,35.838408,만성동 1207,127.068395,35.838852,만성동1179-1(SK셀프주유소 옆 삼거리),127.076138,35.836072,Y,겸용도로,1.63,0,2,2.5,4.5,0,0,,2026-05-14
27,기지로R,완산구 중동 774-4(전북은행 혁신도시지점 앞),127.058631,35.838408,만성동 1207,127.068395,35.838852,만성동1179-1(SK셀프주유소 옆 삼거리),127.076138,35.836072,Y,겸용도로,1.63,0,2,2.5,4.5,0,0,,2026-05-14
28,노송광장로L,서노송동568-1(전주시청),127.1477799,35.8243499,서노송동 598-11,127.1475495,35.8232545,서노송동619-11(전주시의회입구),127.146807,35.8242471,Y,겸용도로,0.3,0,0,0,0,3.7,3.7,4,2026-05-14
29,노송광장로R,서노송동568-1(전주시청),127.1477799,35.8243499,서노송동 598-11,127.1475495,35.8232545,서노송동619-11(전주시의회입구),127.146807,35.8242471,Y,겸용도로,0.3,0,0,0,0,1.5,1.5,4,2026-05-14
30,농생명로L,중동 830(육교 앞),127.058602,35.832944,중동 824,127.064464,35.833292,만성동 860,127.071936,35.831987,Y,겸용도로,1.23,0,0,0,0,2,2,,2026-05-14
31,당산로L,서신동762(전주서중),127.1098268,35.8315291,서신동 794,127.1169403,35.8318558,서신동768,127.1218976,35.8325341,Y,겸용도로,1.25,0,0,0,0,3.2,3.2,3,2026-05-14
32,당산로R,서신동762(전주서중),127.1098268,35.8315291,서신동 794,127.1169403,35.8318558,서신동768,127.1218976,35.8325341,Y,겸용도로,1.25,0,0,0,0,3.2,3.2,3,2026-05-14
33,대동로L,태평동102-37(유창ENG),127.1364014,35.8211215,고사동 263-2 대한소방,127.1417277,35.8218996,서노송동636-1(대신증권),127.144608,35.8232439,Y,겸용도로,0.85,0,0,0,0,3.5,3.5,4,2026-05-14
34,대동로R,태평동102-37(유창ENG),127.1364014,35.8211215,고사동 263-2 대한소방,127.1417277,35.8218996,서노송동636-1(대신증권),127.144608,35.8232439,Y,겸용도로,0.85,0,0,0,0,3.8,3.8,4,2026-05-14
35,동부대로1L,우아동1가942-1(아중역),127.1763285,35.8297546,산정동 679-2,127.1703623,35.8389951,전주시 덕진구 우아동3가 285-8(럭키아파트),127.1638854,35.844083,Y,겸용도로,1.92,0,0,0,0,3.7,3.7,3,2026-05-14
36,동부대로1R,우아동1가942-1(아중역),127.1763285,35.8297546,우아1동 270-30,127.1636837,35.8455391,호성동 1가 747(호성동신아파트),127.1476941,35.8673908,Y,겸용도로,3.76,0,0,0,0,4,4,3,2026-05-14
37,동부대로2L,전주시 덕진구 우아동3가 285-8(럭키아파트),127.1638854,35.844083,우아동3가 591-1 호성자원,127.1575278,35.8558915,호성동2가 631-12(전주시차량등록사업소),127.1476941,35.8673908,Y,겸용도로,3.1,0,1.9,2.2,4.1,0,0,3,2026-05-14
38,동부대로2R,호성동 1가 747(호성동신아파트),127.154657,35.85898,우아동3가 591-1 호성자원,127.1575278,35.8558915,호성동2가 631-12(전주시차량등록사업소),127.1476941,35.8673908,Y,겸용도로,1.26,0,2.4,2.2,4.6,0,0,3,2026-05-14
39,동부대로3L,송천동2가 54-63(대송장례식장),127.1362621,35.8687758,송천동2가 325-1,127.1234862,35.8699216,송천동2가492-36(농수산물도매시장),127.117825,35.8687922,Y,겸용도로,2,0,2,2.2,4.2,0,0,3,2026-05-14
40,동부대로3R,송천동2가 54-63(대송장례식장),127.1362621,35.8687758,송천동2가 325-1,127.1234862,35.8699216,송천동2가492-36(농수산물도매시장),127.117825,35.8687922,Y,겸용도로,2,0,2.2,2,4.2,0,0,3,2026-05-14
41,두간로L,송천동1가832-1,127.114702,35.865245,송천동1가 853,127.1180003,35.8653105,송천동1가812-1,127.1212277,35.865117,Y,겸용도로,0.6,0,0,0,0,1.4,1.4,3,2026-05-14
42,두간로R,송천동1가832-1,127.114702,35.865245,송천동1가 853,127.1180003,35.8653105,송천동1가812-1,127.1212277,35.865117,Y,겸용도로,0.6,0,0,0,0,1.6,1.6,3,2026-05-14
43,들사평서로L,덕진동1가1437-1,127.1217022,35.8372236,덕진동1가 1435-22,127.1203638,35.8382579,덕진동1가1547-80,127.1191425,35.838868,Y,겸용도로,0.35,0,0,0,0,1.6,1.6,3,2026-05-14
44,들사평서로R,덕진동1가1437-1,127.1217022,35.8372236,덕진동1가 1435-22,127.1203638,35.8382579,덕진동1가1547-80,127.1191425,35.838868,Y,겸용도로,0.35,0,0,0,0,1.4,1.4,3,2026-05-14
45,마전들로L,효자동3가1670-42,127.0957441,35.8208827,효자동3가 461-3,127.0979911,35.8269021,효자동3가1(전북도청),127.1091125,35.8200561,Y,겸용도로,1.5,0,0,0,0,1.5,1.5,3,2026-05-14
46,마전들로R,효자동3가1670-42,127.0957441,35.8208827,효자동3가 461-3,127.0979911,35.8269021,효자동3가1(전북도청),127.1091125,35.8200561,Y,겸용도로,1.5,0,0,0,0,1.5,1.5,3,2026-05-14
47,만성로L,국민연금공단 앞 사거리,127.07321,35.837867,만성동 962-3,127.071391,35.834983,만성동 1178-6번지 앞 삼거리,127.070193,35.832297,Y,겸용도로,2.25,0,1.5,2,3.5,0,0,3,2026-05-14
48,만성로R,국민연금공단 앞 사거리,127.07321,35.837867,만성동 962-3,127.071391,35.834983,만성동 1178-6번지 앞 삼거리,127.070193,35.832297,Y,겸용도로,2.25,0,1.5,2,3.5,0,0,3,2026-05-14
49,모악로L,평화동2가363-2(웨딩코리아사거리),127.1286149,35.7852016,평화동2가 286-4,127.1313509,35.7902668,평화동1가731-1(꽃밭정이네거리),127.1328191,35.7950002,Y,겸용도로,1.5,0,4.8,4.2,9,2,2,4,2026-05-14
50,모악로R,평화동2가363-2(웨딩코리아사거리),127.1286149,35.7852016,평화동2가 286-4,127.1313509,35.7902668,평화동1가731-1(꽃밭정이네거리),127.1328191,35.7950002,Y,겸용도로,1.2,0,2.5,2.5,5,0,0,4,2026-05-14
51,무삼지로L,인후동1가916-6,127.1658603,35.8262817,인후3동 877-2,127.1634948,35.8302644,인후동1가845-1,127.1627394,35.8340615,Y,겸용도로,0.95,0,0,0,0,2,2,3,2026-05-14
52,무삼지로R,인후동1가916-6,127.1658603,35.8262817,인후3동 877-2,127.1634948,35.8302644,인후동1가845-1,127.1627394,35.8340615,Y,겸용도로,0.95,0,0,0,0,2,2,3,2026-05-14
53,문화광장로L,서노송동614-11(시청입구사거리),127.1456863,35.8225041,서노송동 614-14,127.1463163,35.8230529,서노송동616-8,127.1470141,35.8231389,Y,겸용도로,0.15,0,0,0,0,3.1,3.1,3,2026-05-14
54,문화광장로R,서노송동614-11(시청입구사거리),127.1456863,35.8225041,서노송동 614-14,127.1463163,35.8230529,서노송동616-8,127.1470141,35.8231389,Y,겸용도로,0.15,0,0,0,0,3.2,3.2,3,2026-05-14
55,바람쐬는길R,치명자산성지,127.1643014,35.8070266,완산구 대성동 산45-3,127.1784548,35.8016757,안적교,127.1902402,35.798042,Y,겸용도로,2.6,0,0,0,0,1.8,1.8,5,2026-05-14
56,바람쐬는길R1,치명자산성지,127.1643014,35.8070266,동서학동 946-9,127.162275,35.808924,전주한벽문화재단,127.148271,35.824418,Y,우선도로,0.9,0,0,0,0,0,0,,2026-05-14
57,백제대로L,평화동1가611-6(꽃밭정이네거리),127.1328196,35.7959244,서신동 996-1,127.1225706,35.8272729,우아동3가746-59(전주역앞),127.1599281,35.8495077,Y,겸용도로,8.4,0,2.4,2.3,4.7,0,0,4,2026-05-14
58,백제대로R,평화동1가611-6(꽃밭정이네거리),127.1328196,35.7959244,서신동 996-1,127.1225706,35.8272729,우아동3가746-59(전주역앞),127.1599281,35.8495077,Y,겸용도로,8.4,0,2,2.7,4.7,0,0,4,2026-05-14
59,번영로R,남정동425-1(득룡교),127.007622,35.8752842,성덕동 360-7,127.0386624,35.8771726,반월동850-1(조촌교차로),127.0610775,35.8737012,Y,전용도로,5.2,3,0,0,0,0,0,,2026-05-14
60,비석날로L,팔복동2가821(전주도시첨단산업단지),127.0816414,35.858062,팔복동2가 651-6,127.0846639,35.8622543,팔복동2가616-26,127.0853118,35.8629345,Y,겸용도로,0.7,0,0,0,0,1.2,1.2,2,2026-05-14
61,비석날로R,팔복동2가821(전주도시첨단산업단지),127.0816414,35.858062,팔복동2가 651-6,127.0846639,35.8622543,팔복동2가616-26,127.0853118,35.8629345,Y,겸용도로,0.7,0,0,0,0,1.8,1.8,2,2026-05-14
62,사평로L,덕진동1가1547-112,127.1185928,35.8384871,덕진동1가 1403-9,127.1216498,35.8418523,덕진동1가1275-1,127.123824,35.8433576,Y,겸용도로,0.75,0,1.2,2,3.2,0,0,3,2026-05-14
63,사평로R,덕진동1가1547-112,127.1185928,35.8384871,덕진동1가 1403-9,127.1216498,35.8418523,덕진동1가1275-1,127.123824,35.8433576,Y,겸용도로,0.75,0,1.2,1.6,2.8,0,0,3,2026-05-14
64,서곡로L,효자동3가1473-5,127.0973155,35.8327537,효자동3가 1459-4,127.1006998,35.8340906,효자동3가1406(전주세무서),127.102268,35.8375322,Y,겸용도로,1,0,0,0,0,1.7,1.7,3,2026-05-14
65,서곡로R,효자동3가1473-5,127.0973155,35.8327537,효자동3가 1459-4,127.1006998,35.8340906,효자동3가1406(전주세무서),127.102268,35.8375322,Y,겸용도로,1,0,0,0,0,1.8,1.8,3,2026-05-14
66,서귀로L,팔복동2가381-2,127.095884,35.851352,팔복동3가 211-6,127.092215,35.8492185,팔복동3가400-1(삼양사전주공장),127.0858469,35.8532901,Y,겸용도로,1.05,0,0,0,0,1.5,1.5,2,2026-05-14
67,서귀로R,팔복동2가381-2,127.095884,35.851352,팔복동3가 211-6,127.092215,35.8492185,팔복동3가400-1(삼양사전주공장),127.0858469,35.8532901,Y,겸용도로,1.05,0,0,0,0,1.8,1.8,2,2026-05-14
68,서신로L,서신동855-3,127.1155552,35.8255687,서신동 794,127.1169403,35.8318558,서신동961(동아한일),127.1177242,35.8365041,Y,겸용도로,1.35,0,0,0,0,2.3,2.3,4,2026-05-14
69,서신로R,서신동855-3,127.1155552,35.8255687,서신동 794,127.1169403,35.8318558,서신동961(동아한일),127.1177242,35.8365041,Y,겸용도로,1.35,0,0,0,0,2.7,2.7,4,2026-05-14
70,서원로1L,효자동3가1724-4,127.0946486,35.8133573,효자동2가 55-2,127.1112772,35.8134641,중화산동2가 106-5(풍림아이원@),127.1267946,35.8119883,Y,겸용도로,3,0,2,2,4,0,0,3,2026-05-14
71,서원로1R,효자동3가1724-4,127.0946486,35.8133573,효자동2가 55-2,127.1112772,35.8134641,중화산동2가 106-5(풍림아이원@),127.1267946,35.8119883,Y,겸용도로,3,0,2.6,2,4.6,0,0,3,2026-05-14
72,서원로2L,중화산동2가 106-5(풍림아이원@),127.1267946,35.8119883,중화산동1가 303-5,127.1330069,35.8135211,중화산동1가188(신흥중학교),127.136901,35.8164378,Y,겸용도로,1.1,0,0,0,0,2.8,2.8,3,2026-05-14
73,서원로2R,중화산동2가 106-5(풍림아이원@),127.1267946,35.8119883,중화산동1가 303-5,127.1330069,35.8135211,중화산동1가188(신흥중학교),127.136901,35.8164378,Y,겸용도로,1.1,0,0,0,0,3.5,3.5,3,2026-05-14
74,석소로L,인후동1가924-12,127.1699265,35.8276753,우아동2가 903-1 아원빌딩,127.1690913,35.8302259,우아동2가866-1,127.1673537,35.8354858,Y,겸용도로,0.95,0,0,0,0,2,2,3,2026-05-14
75,석소로R,인후동1가924-12,127.1699265,35.8276753,우아동2가 903-1 아원빌딩,127.1690913,35.8302259,우아동2가866-1,127.1673537,35.8354858,Y,겸용도로,0.95,0,0,0,0,2,2,3,2026-05-14
76,성지산로L,삼천동1가601-13,127.119674,35.7988172,삼천1동 532-25,127.1226071,35.8011912,효자동1가564-5,127.1248282,35.8026955,Y,겸용도로,0.7,0,0,0,0,2,2,3,2026-05-14
77,성지산로R,삼천동1가601-13,127.119674,35.7988172,삼천1동 532-25,127.1226071,35.8011912,효자동1가564-5,127.1248282,35.8026955,Y,겸용도로,0.7,0,0,0,0,2,2,3,2026-05-14
78,세내로L,효자동2가218-15(우림교),127.1087223,35.8048202,효자동3가 20-3,127.1123564,35.8182109,효자3가1473-1(서곡LG),127.0978584,35.8338492,Y,겸용도로,4.05,0,0,0,0,2,2,3,2026-05-14
79,세내로R,효자동2가218-15(우림교),127.1087223,35.8048202,효자동3가 20-3,127.1123564,35.8182109,효자3가1473-1(서곡LG),127.0978584,35.8338492,Y,겸용도로,4.05,0,0,0,0,2,2,3,2026-05-14
80,소리로1L,덕진동1가88-47,127.1360135,35.8539922,덕진동1가 산1-11,127.1381947,35.8538944,덕진동1가 88-4(한국소리문화의전당),127.1383229,35.8555398,Y,겸용도로,0.4,0,1,1.5,2.5,0,0,3,2026-05-14
81,소리로2L,덕진동1가 88-4(한국소리문화의전당),127.1383229,35.8555398,호성동1가 산11-14,127.1469532,35.8574992,호성동1가757-24,127.154454,35.8588436,Y,겸용도로,1.7,0,0,0,0,2.1,2.1,3,2026-05-14
82,소리로1R,덕진동1가88-47,127.1360135,35.8539922,호성동1가 산11-14,127.1469532,35.8574992,호성동1가757-24,127.154454,35.8588436,Y,겸용도로,2.1,0,0,0,0,2.4,2.4,3,2026-05-14
83,소태정로L,효자동2가1196-2,127.0971834,35.8049698,효자동2가 720-47,127.097949,35.805622,효자동2가1199-3(우림중학교),127.0991426,35.8052154,Y,겸용도로,0.25,0,0,0,0,2,2,3,2026-05-14
84,소태정로R,효자동2가1196-2,127.0971834,35.8049698,효자동2가 720-47,127.097949,35.805622,효자동2가1199-3(우림중학교),127.0991426,35.8052154,Y,겸용도로,0.25,0,0,0,0,2,2,3,2026-05-14
85,솔내로L,송천동1가136(현대4차아파트),127.1271713,35.8599388,송천동2가 202-71,127.1273354,35.8649595,송천동2가293-5,127.1279046,35.8695701,Y,겸용도로,1.15,0,0,0,0,1.6,1.6,3,2026-05-14
86,솔내로R,송천동1가136(현대4차아파트),127.1271713,35.8599388,송천동2가 202-71,127.1273354,35.8649595,송천동2가293-5,127.1279046,35.8695701,Y,겸용도로,1.15,0,0,0,0,1.7,1.7,3,2026-05-14
87,송천중앙로L,덕진동2가148-3(가련광장),127.1176383,35.8479253,송천동1가 산54-12,127.1213803,35.8614808,덕진동2가 174(덕진노인복지관 앞),127.1216282,35.8695783,Y,겸용도로,0.4,0,0,0,0,2.2,2.2,3,2026-05-14
88,송천중앙로R,덕진동2가148-3(가련광장),127.1176383,35.8479253,송천동1가 산54-12,127.1213803,35.8614808,덕진동2가 174(덕진노인복지관 앞),127.1216282,35.8695783,Y,겸용도로,0.4,0,0,0,0,2,2,3,2026-05-14
89,송천중앙로2L,덕진동2가 174(덕진노인복지관 앞),127.120015,35.85131,송천2동 113-10,127.121292,35.861026,송천동2가454-9,127.12139,35.869711,Y,겸용도로,2.1,0,0,0,0,2.2,2.2,3,2026-05-14
90,송천중앙로2R,덕진동2가 174(덕진노인복지관 앞),127.120015,35.85131,송천2동 113-10,127.121292,35.861026,송천동2가454-9,127.12139,35.869711,Y,겸용도로,2.1,0,0,0,0,2,2,3,2026-05-14
91,시천로L,송천동1가684-1,127.1147301,35.8595322,송천동1가 850,127.1144829,35.8646941,송천동2가613,127.1151335,35.8694595,Y,겸용도로,1.15,0,0,0,0,2,2,3,2026-05-14
92,시천로R,송천동1가684-1,127.1147301,35.8595322,송천동1가 850,127.1144829,35.8646941,송천동2가613,127.1151335,35.8694595,Y,겸용도로,1.15,0,0,0,0,2.1,2.1,3,2026-05-14
93,신행로L,팔복동3가410-3,127.0905444,35.8463883,팔복동3가 211-6,127.092215,35.8492185,팔복동2가419-3,127.0946512,35.852053,Y,겸용도로,0.8,0,0,0,0,2,2,2,2026-05-14
94,신행로R,팔복동3가410-3,127.0905444,35.8463883,팔복동3가 211-6,127.092215,35.8492185,팔복동2가419-3,127.0946512,35.852053,Y,겸용도로,0.8,0,0,0,0,2,2,2,2026-05-14
95,쑥고개로L,삼천동3가 285-9,127.0857361,35.7961884,효자동2가 765-1,127.0981515,35.801853,효자동2가221-7,127.1089428,35.8043789,Y,전용도로,2.3,1.8,0,0,0,0,0,,2026-05-14
96,쑥고개로R,삼천동3가 285-9,127.0857361,35.7961884,효자동2가 765-1,127.0981515,35.801853,효자동2가221-7,127.1089428,35.8043789,Y,겸용도로,2.3,0,0,0,0,3.1,3.1,3,2026-05-14
97,아중로L,중노송동499-13,127.1509574,35.8226358,아중로 125,127.163444,35.8254216,우아동2가934-6,127.1751692,35.8295004,Y,겸용도로,2.4,0,0,0,0,2.4,2.4,3,2026-05-14
98,아중로R,중노송동499-13,127.1509574,35.8226358,아중로 125,127.163444,35.8254216,우아동2가934-6,127.1751692,35.8295004,Y,겸용도로,2.4,0,0,0,0,2.2,2.2,3,2026-05-14
99,안덕원로L,산정동855-2,127.1306348,35.8270502,인후동2가 227-1,127.1507774,35.8359058,진북동 1063-8,127.1681715,35.8401997,Y,겸용도로,3.85,0,1.3,2,3.3,5,5,4,2026-05-14
100,안덕원로R,산정동855-2,127.1306348,35.8270502,인후동2가 227-1,127.1507774,35.8359058,진북동 1063-8,127.1681715,35.8401997,Y,겸용도로,3.85,0,1.2,2,3.2,5,5,4,2026-05-14
101,안전로L,혁신로 교차점,,,중동 811(농생명로교차점),,,중동 834-2,,,Y,겸용도로,2.34,0,3,5,8,0,0,2,2026-05-14
102,안전로R,혁신로 교차점,,,중동 811(농생명로교차점),,,중동 834-2,,,Y,겸용도로,2.34,0,3,5,8,0,0,2,2026-05-14
103,안행로L,삼천동1가743-1,127.1297396,35.7996972,서완산동1가 228 선한이치과,127.1331598,35.8075511,중화산동1가 327-12(옥성트레비앙@),127.1320519,35.8125517,Y,겸용도로,1.85,0,0,0,0,2.1,2.1,3,2026-05-14
104,안행로R,삼천동1가743-1,127.1297396,35.7996972,서완산동1가 228 선한이치과,127.1331598,35.8075511,중화산동1가 327-12(옥성트레비앙@),127.1320519,35.8125517,Y,겸용도로,1.85,0,0,0,0,1.8,1.8,3,2026-05-14
105,오공로L,중동 774-12(우리은행 전북혁신도시지점 앞),,,완산구 중동 299-2,,,만성동1167-4(대원제약 전주지점),,,Y,겸용도로,1.14,0,1.5,2,3.5,0,0,,2026-05-14
106,오공로R,중동 774-12(우리은행 전북혁신도시지점 앞),,,완산구 중동 299-2,,,만성동1167-4(대원제약 전주지점),,,Y,겸용도로,1.14,0,1.5,2,3.5,0,0,,2026-05-14
107,오송로L,송천동1가산60-5,127.1264177,35.857978,송천1동 162-23,127.1311623,35.8607232,송천동1가871(송천아이파크6단지아파트),127.1317187,35.8620891,Y,겸용도로,0.6,0,0,0,0,1.1,1.1,3,2026-05-14
108,오송로R,송천동1가산60-5,127.1264177,35.857978,송천1동 162-23,127.1311623,35.8607232,송천동1가871(송천아이파크6단지아파트),127.1317187,35.8620891,Y,겸용도로,0.6,0,0,0,0,0.7,0.7,3,2026-05-14
109,온고을로1R,화개네거리,127.0668594,35.8566441,장동 1024-7,127.0619317,35.8636307,반월동858-3(조촌교차로),127.0613063,35.8739539,Y,전용도로,2.1,2.9,0,0,0,0,0,,2026-05-14
110,온고을로2L,서신동769-1,127.1221884,35.8333017,만성동 24-4,127.0879075,35.8470777,반월동858-3(조촌교차로),127.0613063,35.8739539,Y,겸용도로,7.85,0,0,0,0,3.2,3.2,3,2026-05-14
111,온고을로2R,서신동769-1,127.1221884,35.8333017,만성동 24-4,127.0879075,35.8470777,화개네거리,127.0668594,35.8566441,Y,겸용도로,5.75,0,0,0,0,3,3,3,2026-05-14
112,용리로L,삼천동1가284-2,127.110316,35.7985498,삼천동1가 601-13,127.1220688,35.798365,삼천동1가705-3(쌍용3단지),127.1286322,35.7981682,Y,겸용도로,1.8,0,1.6,1.4,3,1.7,1.7,3,2026-05-14
113,용리로R,삼천동1가284-2,127.110316,35.7985498,삼천동1가 601-13,127.1220688,35.798365,삼천동1가705-3(쌍용3단지),127.1286322,35.7981682,Y,겸용도로,1.8,0,0,0,0,1.8,1.8,3,2026-05-14
114,용머리로1L,효자동1가410-5(우림교교차로),127.1106967,35.8046752,효자3동 439-11,127.1161638,35.8066794,효자광장교차로,127.1232625,35.8059,Y,겸용도로,1.16,0,1.2,1.6,2.8,0,0,3,2026-05-14
115,용머리로1R,효자동1가410-5(우림교교차로),127.1106967,35.8046752,효자3동 439-11,127.1161638,35.8066794,효자광장교차로,127.1232625,35.8059,Y,겸용도로,1.16,0,1.6,1.9,3.5,0,0,3,2026-05-14
116,용머리로2L,효자광장교차로,127.1232625,35.8059,서완산동2가 359-10,127.1327908,35.8079332,서완산동1가508,127.1395311,35.8124543,Y,겸용도로,1.74,0,0,0,0,2,2,3,2026-05-14
117,용머리로2R,효자광장교차로,127.1232625,35.8059,서완산동2가 359-10,127.1327908,35.8079332,서완산동1가508,127.1395311,35.8124543,Y,겸용도로,1.74,0,0,0,0,2,2,3,2026-05-14
118,용호로L,효자동2가1157-6(우림초등학교),127.1076426,35.8142012,효자동3가 1714-10,127.096924,35.816327,효자동3가1670-1,127.096815,35.8208504,Y,겸용도로,1.6,0,0,0,0,1.2,1.2,3,2026-05-14
119,용호로R,효자동2가1157-6(우림초등학교),127.1076426,35.8142012,효자동3가 1714-10,127.096924,35.816327,효자동3가1670-1,127.096815,35.8208504,Y,겸용도로,1.6,0,0,0,0,1.2,1.2,3,2026-05-14
120,우전로L,효자동2가 1134-1,127.1015392,35.8026496,효자동2가 598-2,127.1018092,35.8117277,효자동3가1627-6,127.1022459,35.8248824,Y,겸용도로,2.55,0,0,0,0,3.3,3.3,3,2026-05-14
121,우전로R,효자동2가 1134-1,127.1015392,35.8026496,효자동2가 598-2,127.1018092,35.8117277,효자동3가1627-6,127.1022459,35.8248824,Y,겸용도로,2.55,0,0,0,0,3.2,3.2,3,2026-05-14
122,유연로1L,효자동3가1069,127.0864599,35.8217068,효자동3가 637-8,127.0984783,35.8259523,효자동3가 639-9,127.0981053,35.8248357,Y,겸용도로,1.15,0,0,0,0,2,2,2,2026-05-14
123,유연로1R,효자동3가1069,127.0864599,35.8217068,효자동3가 637-8,127.0984783,35.8259523,효자동3가 639-9,127.0981053,35.8248357,Y,겸용도로,1.15,0,0,0,0,2,2,2,2026-05-14
124,유연로2L,효자동3가 639-9,127.0981053,35.8248357,효자동2가 마전교,127.1123716,35.8254224,진북터널 사거리,127.1227375,35.825275,Y,겸용도로,2.2,0,2,2,4,0,0,3,2026-05-14
125,유연로2R,효자동3가 639-9,127.0981053,35.8248357,효자동2가 마전교,127.1123716,35.8254224,진북터널사거리,127.1227375,35.825275,Y,겸용도로,2.2,0,2,2,4,0,0,3,2026-05-14
126,유연로3L,진북터널사거리,127.1227375,35.825275,중화산2동 산26,127.1260539,35.8253486,진북동1091-15(진북교),127.1292461,35.8265803,Y,겸용도로,0.65,0,0,0,0,2.4,2.4,3,2026-05-14
127,유연로3R,진북터널사거리,127.1227375,35.825275,중화산2동 산26,127.1260539,35.8253486,진북동1091-15(진북교),127.1292461,35.8265803,Y,겸용도로,0.65,0,0,0,0,2.4,2.4,3,2026-05-14
128,장승배기로L,삼천동1가766-1(주공5단지),127.1135762,35.7931672,평화1동 393-5,127.1400948,35.798427,삼천동1가 705-5(꽃받정이네거리),127.1619058,35.8088114,Y,겸용도로,1.79,0,0,0,0,2.7,2.7,,2026-05-14
129,장승배기로R,삼천동1가766-1(주공5단지),127.1135762,35.7931672,평화1동 393-5,127.1400948,35.798427,삼천동1가 305-14(거마로사거리),127.1619058,35.8088114,Y,겸용도로,0.34,0,0,0,0,3.2,3.2,,2026-05-14
130,장승배기로2R,삼천동1가 305-14(거마로사거리),,,평화동2가 568-25,,,평화동2가 604-19(전주예심교회 앞),,,,겸용도로,0.86,0,1.4,2.1,3.5,0,0,,2026-05-14
131,장승배기로3R,평화동2가 604-19(전주예심교회 앞),,,평화동1가 393-13,,,서서학동 295(뚜레쥬르 앞),,,,겸용도로,2.34,0,0,0,0,2.2,2.2,,2026-05-14
132,장승배기로3L,삼천동1가 305-14(거마로사거리),,,평화동1가 583-15,,,서서학동 295(뚜레쥬르 앞),,,,겸용도로,1.75,0,0,0,0,2.8,2.8,,2026-05-14
133,장승배기로4L,서서학동 295(뚜레쥬르 앞),,,서서학동 169-2,,,동서학동 290-3(거산황궁아파트 앞),,,,겸용도로,0.53,0,1.4,2.1,3.5,0,0,,2026-05-14
134,장승배기로4R,서서학동 295(뚜레쥬르 앞),,,서서학동 169-2,,,동서학동 290-3(거산황궁아파트 앞),,,,겸용도로,0.53,0,1.8,1.8,3.6,0,0,,2026-05-14
135,장승배기로5L,동서학동 290-3(거산황궁아파트 앞),,,동서학동 913-17,,,동서학동923-27,,,,겸용도로,0.88,0,0,0,0,2,2,,2026-05-14
136,장승배기로5R,동서학동 290-3(거산황궁아파트 앞),,,동서학동 913-17,,,동서학동923-27,,,,겸용도로,0.88,0,0,0,0,2,2,,2026-05-14
137,전룡로L,서신동852,127.1134682,35.8256621,서신동 292-47,127.1209553,35.8279421,서신동3-10,127.1276964,35.829192,Y,겸용도로,1.4,0,0,0,0,1.8,1.8,2,2026-05-14
138,전룡로R,서신동852,127.1134682,35.8256621,서신동 292-47,127.1209553,35.8279421,서신동3-10,127.1276964,35.829192,Y,겸용도로,1.4,0,0,0,0,1.6,1.6,2,2026-05-14
139,전주천서로l,동서학동886-10,,,서서학동 210-2,,,서완산동1가505(완산교),,,Y,겸용도로,2,0,1.5,1.3,2.8,0,0,,2026-05-14
140,전주천서로R,동서학동886-10,127.1596344,35.8106628,서서학동 210-2,127.1497452,35.8101779,서완산동1가505(완산교),127.1395842,35.8124565,Y,겸용도로,2,0,1.5,1.3,2.8,0,0,4,2026-05-14
141,정언신로L,인후동1가157-32,127.1542744,35.8296493,정언신로 89,127.1636641,35.8313004,우아동2가926-1,127.17407,35.8319292,Y,겸용도로,1.9,0,0,0,0,2,2,3,2026-05-14
142,정언신로R,인후동1가157-32,127.1542744,35.8296493,정언신로 89,127.1636641,35.8313004,우아동2가926-1,127.17407,35.8319292,Y,겸용도로,1.9,0,0,0,0,2,2,3,2026-05-14
143,정여립로L,삼천동3가289-4,127.0841072,35.7961853,삼천동3가 산33-3,127.0781048,35.8033321,상림동 105-7,127.0712686,35.8071956,Y,전용도로,3.7,0,1.5,2,3.5,0,0,2,2026-05-14
144,정여립로R,삼천동3가289-4,,,삼천동3가 산33-3,,,상림동 105-7,,,,전용도로,3.7,0,1.5,1.5,3,0,0,,2026-05-14
145,정여립로2L,,,,,,,,,,,겸용도로,1.35,0,1.5,1.5,3,0,0,,2026-05-14
146,정여립로2R,,,,,,,,,,,겸용도로,1.35,0,1.5,2.5,4,0,0,,2026-05-14
147,정여립로3L,,,,,,,,,,,겸용도로,1.65,0,1.5,2.5,4,0,0,,2026-05-14
148,정여립로3R,,,,,,,,,,,겸용도로,1.65,0,1.5,2.5,4,0,0,,2026-05-14
149,조경단로1L,금암동522-109,127.1360712,35.8349636,덕진동1가 664-57,127.1338564,35.8509442,송천동1가778-28,127.1203601,35.8514525,Y,겸용도로,3.3,0,0,0,0,1.5,1.5,3,2026-05-14
150,조경단로1R,금암동522-109,127.1360712,35.8349636,금암2동 1616,127.1391746,35.8422867,금암동 634-18(대학로지하차도),127.1401205,35.8460732,Y,겸용도로,1.6,0,0,0,0,1.8,1.8,3,2026-05-14
151,조경단로2R,금암동 634-18(대학로지하차도),127.1401205,35.8460732,덕진동1가 655-9,127.131037,35.8518467,송천동1가778-28,127.1203601,35.8514525,Y,겸용도로,1.7,0,1.2,1.8,3,0,0,3,2026-05-14
152,중동로L,장동 1096(LH이노팰리스 104동 앞 삼거리),,,중동 141-2,,,중동824(근린공원내부 회전교차로),,,,겸용도로,1.75,0,2,2.5,4.5,0,0,,2026-05-14
153,중동로R,장동 1096(LH이노팰리스 104동 앞 삼거리),,,중동 141-2,,,중동824(근린공원내부 회전교차로),,,,겸용도로,1.75,0,2,2.5,4.5,0,0,,2026-05-14
154,쪽구름로L,동산동518-2,127.0800136,35.8659353,반월동 746-3,127.074171,35.8735038,반월동 726-1,127.0640474,35.8746711,Y,겸용도로,2.1,0,1.3,1.7,3,4,4,2,2026-05-14
155,쪽구름로R,동산동518-2,127.0800136,35.8659353,반월동 746-3,127.074171,35.8735038,반월동 726-1,127.0640474,35.8746711,Y,겸용도로,2.1,0,1.3,1.7,3,4,4,2,2026-05-14
156,천마산로L,송천동2가529-7,127.1221227,35.8639353,송천동2가 202-72,127.1280138,35.864613,송천동1가12-10(진흥더블파크아파트),127.1324423,35.8639213,Y,겸용도로,1.4,0,0,0,0,2.2,2.2,3,2026-05-14
157,천마산로R,송천동2가529-7,127.1221227,35.8639353,송천동2가 202-72,127.1280138,35.864613,송천동1가12-10(진흥더블파크아파트),127.1324423,35.8639213,Y,겸용도로,1.4,0,0,0,0,2.2,2.2,3,2026-05-14
158,천잠로1L,효자동2가750-1(전주비전대학입구),127.0981068,35.802066,효자동3가 583-1,127.0946135,35.8205801,효자동3가1404-3(썬플라워예식장),127.100979,35.8384962,Y,겸용도로,4.65,0,2.5,2,4.5,0,0,4,2026-05-14
159,천잠로1R,효자동2가750-1(전주비전대학입구),127.0981068,35.802066,효자동3가 583-1,127.0946135,35.8205801,효자동3가1404-3(썬플라워예식장),127.100979,35.8384962,Y,겸용도로,4.65,0,2.1,2,4.1,0,0,4,2026-05-14
160,천잠로2L,삼천농협공판장,127.1122057,35.7923816,삼천동2가 275-5,127.1099769,35.7923873,세내교,127.1083946,35.7937691,Y,겸용도로,1.8,0,1.5,2.5,4,0,0,2,2026-05-14
161,천잠로2R,삼천농협공판장,127.1122057,35.7923816,삼천동2가 275-5,127.1099769,35.7923873,세내교,127.1083946,35.7937691,Y,겸용도로,1.8,0,1.5,3,4.5,0,0,3,2026-05-14
162,추탄로L,덕진동2가530-1,127.1102217,35.8413811,덕진동2가 571,127.1092027,35.8441138,덕진동2가625-6,127.1091176,35.8476722,Y,겸용도로,0.75,0,0,0,0,1.3,1.3,3,2026-05-14
163,추탄로R,덕진동2가530-1,127.1102217,35.8413811,덕진동2가 571,127.1092027,35.8441138,덕진동2가625-6,127.1091176,35.8476722,Y,겸용도로,0.75,0,0,0,0,1.2,1.2,3,2026-05-14
164,출판로L,갈산리 639-5(에코르102동 앞 삼거리),,,장동 151-8,,,장동 1112(전북개발공사 앞),,,,겸용도로,0.5,0,1.5,2,3.5,0,0,,2026-05-14
165,출판로R,갈산리 639-5(에코르102동 앞 삼거리),,,장동 151-8,,,장동 1112(전북개발공사 앞),,,,겸용도로,0.5,0,1.5,2,3.5,0,0,,2026-05-14
166,충경로L,다가동3가82-1(백합주단),127.1399872,35.816352,경원동1가 45,127.1474145,35.8185808,경원동3가93-19(금성화원),127.1526686,35.8203816,Y,겸용도로,1.25,0,0,0,0,3.5,3.5,4,2026-05-14
167,충경로R,다가동3가82-1(백합주단),127.1399872,35.816352,경원동1가 45,127.1474145,35.8185808,경원동3가93-19(금성화원),127.1526686,35.8203816,Y,겸용도로,1.25,0,0,0,0,3.6,3.6,4,2026-05-14
168,콩쥐팥쥐로L,만성동 771,127.0581333,35.8252308,상림동 67-19,127.0743319,35.8249972,효자동3가1066,127.0854823,35.821071,Y,겸용도로,1.55,0,0,0,0,3,3,3,2026-05-14
169,콩쥐팥쥐로R,만성동 771,127.0581333,35.8252308,상림동 67-19,127.0743319,35.8249972,효자동3가1066,127.0854823,35.821071,Y,겸용도로,1.55,0,0,0,0,3,3,3,2026-05-14
170,콩쥐팥쥐로2L,만성동 771,,,중동 511-3,,,중동 831-45,,,,겸용도로,1.4,0,2,2.5,4.5,0,0,,2026-05-14
171,콩쥐팥쥐로2R,만성동 771,,,중동 511-3,,,중동 831-45,,,,겸용도로,1.4,0,2,2.5,4.5,0,0,,2026-05-14
172,태진로L,태평동94-30,127.1376726,35.8212993,진북동 890-37,127.1366746,35.8275782,금암동457-1,127.1350921,35.8342151,Y,겸용도로,1.5,0,0,0,0,2.6,2.6,3,2026-05-14
173,태진로R,태평동94-30,127.1376726,35.8212993,진북동 890-37,127.1366746,35.8275782,금암동457-1,127.1350921,35.8342151,Y,겸용도로,1.5,0,0,0,0,3.1,3.1,3,2026-05-14
174,틀못2길L,장동 1080(양현고 옆 사거리),,,장동 162-3,,,장동 1103(호반 212동 앞 사거리),,,,겸용도로,0.5,0,0,0,0,2,2,,2026-05-14
175,틀못2길R,장동 1080(양현고 옆 사거리),,,장동 162-3,,,장동 1103(호반 212동 앞 사거리),,,,겸용도로,0.5,0,1.5,2.5,4,0,0,,2026-05-14
176,틀못4길L,장동 1077(온빛중학교 옆 사거리),,,장동 산 182-1,,,장동 1083(이노팰리스 105동 앞 사거리),,,,겸용도로,0.5,0,2,4.5,6.5,0,0,,2026-05-14
177,틀못4길R,장동 1077(온빛중학교 옆 사거리),,,장동 산 182-1,,,장동 1083(이노팰리스 105동 앞 사거리),,,,겸용도로,0.5,0,1.7,3.8,5.5,0,0,,2026-05-14
178,팔과정로L,팔복동3가403(미래페이퍼 앞),127.0848088,35.8510877,팔복동3가402,127.0869532,35.8518768,팔복동3가400-5(공단주유소),127.0887456,35.8544271,Y,겸용도로,0.7,0,1.5,1.8,3.3,2.8,2.8,2,2026-05-14
179,팔과정로R,팔복동3가403(미래페이퍼 앞),127.0848088,35.8510877,팔복동3가402,127.0869532,35.8518768,팔복동3가400-5(공단주유소),127.0887456,35.8544271,Y,겸용도로,0.7,0,1.5,1.8,3.3,2.7,2.7,2,2026-05-14
180,팔달로L,금암동454-1,127.1357876,35.8343879,경원동1가 45,127.1474145,35.8185808,서서학동288-5,127.1488192,35.8037828,Y,겸용도로,3.85,0,0,0,0,2.9,2.9,4,2026-05-14
181,팔달로R,금암동454-1,127.1357876,35.8343879,경원동1가 45,127.1474145,35.8185808,서서학동288-5,127.1488192,35.8037828,Y,겸용도로,3.85,0,0,0,0,3.2,3.2,4,2026-05-14
182,팔복로L,팔복동2가805-9(전주한지박물관),127.1017255,35.8483708,팔복로 140,127.0919024,35.8536124,팔복동2가 820,127.0821046,35.8586863,Y,겸용도로,2.3,0,0,0,0,1.8,1.8,2,2026-05-14
183,팔복로R,팔복동2가805-9(전주한지박물관),127.1017255,35.8483708,팔복로 140,127.0919024,35.8536124,팔복동2가 820,127.0821046,35.8586863,Y,겸용도로,2.3,0,0,0,0,1.9,1.9,2,2026-05-14
184,평화로L,평화동2가910-3(은강교회),127.1329694,35.7825186,평화동2가 872-9,127.135656,35.7894061,평화동1가712-1,127.1366758,35.7966716,Y,겸용도로,1.7,0,0,0,0,2,2,3,2026-05-14
185,평화로R,평화동2가910-3(은강교회),127.1329694,35.7825186,평화동2가 872-9,127.135656,35.7894061,평화동1가712-1,127.1366758,35.7966716,Y,겸용도로,1.7,0,0,0,0,2,2,3,2026-05-14
186,한배미로L,인후동1가928-6,127.1661228,35.8257875,한배미로 42,127.1697992,35.8243506,우아동1가1088-1,127.1706114,35.8273526,Y,겸용도로,0.8,0,0,0,0,2,2,3,2026-05-14
187,한배미로R,인후동1가928-6,127.1661228,35.8257875,한배미로 42,127.1697992,35.8243506,우아동1가1088-1,127.1706114,35.8273526,Y,겸용도로,0.8,0,0,0,0,1.9,1.9,3,2026-05-14
188,혁신로1L,장동603-5(장동교),127.0653102,35.8541831,장동 600-12,127.0664996,35.8550002,화개네거리,127.0668594,35.8566441,Y,겸용도로,0.7,0,2,2.5,4.5,0,0,3,2026-05-14
189,혁신로1R,장동603-5(장동교),127.0653102,35.8541831,장동 600-12,127.0664996,35.8550002,화개네거리,127.0668594,35.8566441,Y,겸용도로,0.7,0,2,2.5,4.5,0,0,3,2026-05-14
190,혁신로2L,화개네거리,127.0668594,35.8566441,여의동 1219-8,127.0715102,35.8682145,반월동222-7(동산광장),127.0759998,35.8773261,Y,겸용도로,2.45,0,0,0,0,2.2,2.2,3,2026-05-14
191,혁신로2R,화개네거리,127.0668594,35.8566441,여의동 1219-8,127.0715102,35.8682145,반월동222-7(동산광장),127.0759998,35.8773261,Y,겸용도로,2.45,0,0,0,0,2.6,2.6,3,2026-05-14
192,혁신로3L,장동 1064-1(완충녹지),,,장동 240-1,,,장동603-5(장동교),,,,겸용도로,1.6,0,2,2.5,4.5,0,0,,2026-05-14
193,혁신로3R,장동 1064-1(완충녹지),,,장동 240-1,,,장동603-5(장동교),,,,겸용도로,1.6,0,2,2.5,4.5,0,0,,2026-05-14
194,호반로L,송천동1가308-1,127.1171738,35.8539813,송천동1가 298-3,127.1197559,35.8524478,송천동1가295-3,127.119681,35.8524242,Y,겸용도로,0.35,0,0,0,0,2,2,2,2026-05-14
195,호반로R,송천동1가308-1,127.1171738,35.8539813,송천동1가 298-3,127.1197559,35.8524478,송천동1가295-3,127.119681,35.8524242,Y,겸용도로,0.35,0,0,0,0,1,1,2,2026-05-14
196,호암로L,효자동2가683-11,127.0953893,35.8071292,효자동2가 679-3,127.0992755,35.8096466,효자동2가533,127.1041767,35.8083399,Y,겸용도로,0.9,0,0,0,0,1.8,1.8,3,2026-05-14
197,호암로R,효자동2가683-11,127.0953893,35.8071292,효자동2가 679-3,127.0992755,35.8096466,효자동2가533,127.1041767,35.8083399,Y,겸용도로,0.9,0,0,0,0,2,2,3,2026-05-14
198,홍산남로L,효자동2가1241-1,127.1022596,35.8153593,효자동2가 1155-7,127.1087459,35.8155882,효자동3가1542-1,127.1114148,35.8155533,Y,겸용도로,0.9,0,0,0,0,2.6,2.6,3,2026-05-14
199,홍산남로R,효자동2가1241-1,127.1022596,35.8153593,효자동2가 1155-7,127.1087459,35.8155882,효자동3가1542-1,127.1114148,35.8155533,Y,겸용도로,0.9,0,0,0,0,2.8,2.8,3,2026-05-14
200,홍산로L,효자동2가1325(전북특별자치도교육청),127.1024127,35.804153,효자동3가 1800,127.1059097,35.8221926,서신동1004-1(가련교),127.1087939,35.8390858,Y,겸용도로,4.1,0,2,2.7,4.7,0,0,3,2026-05-14
201,홍산로R,효자동2가1325(전북특별자치도교육청),127.1024127,35.804153,효자동3가 1800,127.1059097,35.8221926,서신동1004-1(가련교),127.1087939,35.8390858,Y,겸용도로,4.1,0,2,2.5,4.5,0,0,3,2026-05-14
202,효자로L,효자동3가1071,127.0864841,35.8205563,효자동3가 82-5,127.1104985,35.8192167,중화산동2가579-4,127.1224637,35.8193228,Y,겸용도로,3.35,0,2.1,2.5,4.6,0,0,3,2026-05-14
203,효자로R,효자동3가1071,127.0864841,35.8205563,효자동3가 82-5,127.1104985,35.8192167,중화산동2가579-4,127.1224637,35.8193228,Y,겸용도로,3.35,0,2,2.5,4.5,0,0,3,2026-05-14
204,삼천1L,원당교,127.1219395,35.7536364,평화2동 269-2,127.1153083,35.774965,독배천합류점(중인동110-8),127.1030726,35.7756314,Y,겸용도로(하천산책로),3.7,0,0,0,0,3,3,5,2026-05-14
205,삼천1R,원당교,127.1230723,35.7530224,석구동 429,127.1176174,35.7677572,삼천교,127.1098843,35.7853908,Y,겸용도로(하천산책로),4,0,0,0,0,3,3,5,2026-05-14
206,삼천2L,삼천교,127.1098843,35.7853908,효자4동 217-4,127.1092049,35.804843,팔복동3가 1302,127.1064415,35.8317778,Y,겸용도로(하천산책로),7.7,0,0,0,0,3,3,5,2026-05-14
207,삼천2R,삼천교,127.1098843,35.7853908,효자3동 364-17,127.1120152,35.8100908,전주천합류점,127.1055385,35.8411907,Y,겸용도로(하천산책로),7,0,0,0,0,3,3,5,2026-05-14
208,전주천1L,월암교,127.1985945,35.7790361,색장동 902-2,127.1891714,35.7981417,치명자산성지주차장,127.16475,35.8054833,Y,겸용도로(하천산책로),4.89,0,0,0,0,2,2,5,2026-05-14
209,전주천2L,한벽교,127.1607394,35.8115574,덕진동2가 646-56,127.1065978,35.8421983,만경강 합류점,127.0821127,35.8914459,Y,겸용도로(하천산책로),13.81,0,0,0,0,2,2,5,2026-05-14
210,전주천2R,한벽교,127.1607394,35.8115574,덕진동2가 646-56,127.1065978,35.8421983,만경강 합류점,127.0837567,35.8911308,Y,겸용도로(하천산책로),14.1,0,0,0,0,2,2,5,2026-05-14
211,아중천1L,우아동2가 897-5,,,우아2동 687-4,,,우아동2가 703-4(우아교),,,,겸용도로(하천산책로),1.4,0,2,2.5,4.5,0,0,,2026-05-14
212,아중천1R,우아동2가 897-5,,,우아2동 687-4,,,우아동2가 703-4(우아교),,,,겸용도로(하천산책로),1.4,0,2,2.5,4.5,0,0,,2026-05-14
213,아중천2L,우아동2가 703-4(우아교),,,우아2동 238-3,,,소양천 합류부,,,,겸용도로(하천산책로),1.4,0,0,0,0,2.2,2.2,,2026-05-14
214,아중천2R,우아동2가 703-4(우아교),,,우아2동 238-3,,,소양천 합류부,,,,겸용도로(하천산책로),1.4,0,0,0,0,2.2,2.2,,2026-05-14
215,만성Ⅰ-1L,여의동 855-21,,,양현초 앞,,,만성동 산 142-1,,,,겸용도로,1.5,0,0,0,0,3,3,,2026-05-14
216,만성Ⅰ-1R,,,,,,,,,,,겸용도로,1.5,0,1.5,2.5,4,0,0,,2026-05-14
217,만성Ⅱ-1L,여의동 840-8,,,양현초 앞,,,만성동 412,,,,겸용도로,1.17,0,1.5,13.5,15,0,0,,2026-05-14
218,만성Ⅱ-1R,,,,,,,,,,,겸용도로,1.17,0,1.5,13.5,15,0,0,,2026-05-14
219,만성Ⅱ-3L,만성동307-4,,,만성동 1292,,,만성동 1208,,,,겸용도로,0,0,0,0,0,0,0,,2026-05-14
220,만성Ⅱ-3R,,,,,,,,,,,겸용도로,0,0,0,0,0,0,0,,2026-05-14
221,만성Ⅱ-4L,만성동 산 104-1,,,만성동 276,,,만성동 260-6,,,,겸용도로,0.47,0,1.5,8.5,10,0,0,,2026-05-14
222,만성Ⅱ-4R,,,,,,,,,,,겸용도로,0.47,0,1.5,8.5,10,0,0,,2026-05-14
223,만성Ⅱ-5L,만성동 412,,,만성동 1292,,,만성동 194-36,,,,겸용도로,0.84,0,1.5,2,3.5,0,0,,2026-05-14
224,만성Ⅱ-5R,,,,,,,,,,,겸용도로,0.84,0,1.5,2,3.5,0,0,,2026-05-14
225,만성Ⅱ-6L,,,,,,,,,,,겸용도로,0.86,0,0,0,0,0,0,,2026-05-14
226,만성Ⅱ-6R,만성동 1053,,,만성동 1320,,,만성동 157-3,,,,겸용도로,0.86,0,0,0,0,0,0,,2026-05-14
227,에코시티Ⅰ-1L,전미동1가 593-3,,,송천동2가 산 226-6,,,송천동2가 67-3,,,,겸용도로,2.1,0,2,1,3,0,0,,2026-05-14
228,에코시티Ⅰ-1R,전미동1가 593-3,,,송천동2가 산 226-6,,,송천동2가 67-3,,,,겸용도로,2.1,0,2,1,3,0,0,,2026-05-14
229,에코시티Ⅱ-1L,송천동2가 117-25,,,송천동2가 135,,,송천동2가 117-9,,,,겸용도로,0.3,0,2.5,1,3.5,0,0,,2026-05-14
230,에코시티Ⅱ-1R,,,,,,,,,,,겸용도로,0.3,0,2.5,1,3.5,0,0,,2026-05-14
231,에코시티Ⅱ-2L,,,,,,,,,,,겸용도로,0.2,0,1.5,1.5,3,0,0,,2026-05-14
232,에코시티Ⅱ-2R,,,,,,,,,,,겸용도로,0.2,0,0,0,0,3,3,,2026-05-14
233,에코시티Ⅱ-3L,,,,,,,,,,,겸용도로,0.1,0,0,0,0,3,3,,2026-05-14
234,에코시티Ⅱ-3R,,,,,,,,,,,겸용도로,0.1,0,0,0,0,3,3,,2026-05-14
235,에코시티Ⅱ-4L,,,,,,,,,,,겸용도로,0.3,0,1.5,2,3.5,0,0,,2026-05-14
236,에코시티Ⅱ-4R,,,,,,,,,,,겸용도로,0.3,0,0,0,0,3,3,,2026-05-14
237,에코시티Ⅱ-5L,,,,,,,,,,,겸용도로,0.4,0,0,0,0,3,3,,2026-05-14
238,에코시티Ⅱ-5R,,,,,,,,,,,겸용도로,0.4,0,0,0,0,3,3,,2026-05-14
239,에코시티Ⅱ-6L,,,,,,,,,,,겸용도로,0.1,0,1.5,2,3.5,0,0,,2026-05-14
240,에코시티Ⅱ-6R,,,,,,,,,,,겸용도로,0.1,0,1.5,2,3.5,0,0,,2026-05-14
241,에코시티Ⅱ-7L,,,,,,,,,,,겸용도로,0.35,0,0,0,0,3,3,,2026-05-14
242,에코시티Ⅱ-7R,,,,,,,,,,,겸용도로,0.35,0,0,0,0,3,3,,2026-05-14
243,에코시티Ⅱ-8L,,,,,,,,,,,겸용도로,0.1,0,0,0,0,3,3,,2026-05-14
244,에코시티Ⅱ-8R,,,,,,,,,,,겸용도로,0.1,0,1.5,2,3.5,0,0,,2026-05-14
245,에코시티Ⅱ-9L,,,,,,,,,,,겸용도로,0.35,0,0,0,0,3,3,,2026-05-14
246,에코시티Ⅱ-9R,,,,,,,,,,,겸용도로,0.35,0,0,0,0,3,3,,2026-05-14
247,에코시티Ⅲ-1L,전미동1가 10-15,,,송천동2가 산 226-6,,,송천동2가 135,,,,겸용도로,0.4,0,0,0,0,3,3,,2026-05-14
248,에코시티Ⅲ-1R,,,,,,,,,,,겸용도로,0.4,0,0,0,0,3,3,,2026-05-14
249,에코시티Ⅳ-1L,송천동2가 117-9,,,송천동2가 117-9,,,호성동2가 758-6,,,,겸용도로,0.21,0,1.5,1.5,3,0,0,,2026-05-14
250,에코시티Ⅳ-1R,,,,,,,,,,,겸용도로,0.21,0,0,0,0,3,3,,2026-05-14
251,에코시티Ⅴ-1L,송천동2가 117-9,,,송천동2가 117-9,,,송천동2가 66-2,,,,겸용도로,0.23,0,0,0,0,3,3,,2026-05-14
252,에코시티Ⅴ-1R,,,,,,,,,,,겸용도로,0.23,0,0,0,0,3,3,,2026-05-14
253,에코시티Ⅵ-1L,송천동2가 117-9,,,송천동2가 117-9,,,송천동2가 159-58,,,,겸용도로,0.25,0,0,0,0,3,3,,2026-05-14
254,에코시티Ⅵ-1R,,,,,,,,,,,겸용도로,0.25,0,0,0,0,3,3,,2026-05-14
255,에코시티Ⅶ-1L,송천동2가 117-9,,,송천동2가 117-9,,,송천동2가 301-16,,,,겸용도로,0.35,0,0,0,0,3.25,3.25,,2026-05-14
256,에코시티Ⅶ-1R,,,,,,,,,,,겸용도로,0.35,0,0,0,0,3.25,3.25,,2026-05-14
257,에코시티Ⅶ-2L,,,,,,,,,,,겸용도로,0.35,0,2.5,2,4.5,0,0,,2026-05-14
258,에코시티Ⅶ-2R,,,,,,,,,,,겸용도로,0.35,0,2.5,2,4.5,0,0,,2026-05-14
259,에코시티Ⅷ-1L,송천동2가 117-31,,,송천동2가 364-12,,,송천동2가 363,,,,겸용도로,0.35,0,0,0,0,3,3,,2026-05-14
260,에코시티Ⅷ-1R,,,,,,,,,,,겸용도로,0.35,0,0,0,0,3,3,,2026-05-14
261,에코시티Ⅸ-1L,송천동2가 117-31,,,송천동2가 1293-63,,,송천동2가 117-24,,,,겸용도로,0.3,0,0,0,0,3,3,,2026-05-14
262,에코시티Ⅸ-1R,,,,,,,,,,,겸용도로,0.3,0,0,0,0,3,3,,2026-05-14
263,에코시티Ⅹ-1L,송천동2가 346-8,,,송천동2가 343,,,송천동2가 117-7,,,,겸용도로,0.47,0,0,0,0,3,3,,2026-05-14
264,에코시티Ⅹ-1R,,,,,,,,,,,겸용도로,0.47,0,0,0,0,3,3,,2026-05-14
265,에코시티-1L,,,,,,,,,,,겸용도로,0.25,0,0,0,0,3,3,,2026-05-14
266,에코시티-1R,,,,,,,,,,,겸용도로,0.25,0,0,0,0,3,3,,2026-05-14
267,에코시티-1L,,,,,,,,,,,겸용도로,1.5,0,2,2,4,0,0,,2026-05-14
268,에코시티-1R,,,,,,,,,,,겸용도로,1.5,0,2,2,4,0,0,,2026-05-14
269,에코시티VIII-1L,,,,,,,,,,,겸용도로,0.25,0,2,2,4,0,0,,2026-05-14
270,에코시티VIII-1R,,,,,,,,,,,겸용도로,0.25,0,2,2,4,0,0,,2026-05-14
271,에코시티XIV-1L,,,,,,,,,,,겸용도로,0.22,0,2,2,4,0,0,,2026-05-14
272,에코시티XIV-1R,,,,,,,,,,,겸용도로,0.22,0,2,2,4,0,0,,2026-05-14
