id,name,sigungu,reservation_org,reservation_url,reservation_open,use_season,reservation_note
camp-31308,연곡해변솔향기캠핑장,강릉시,강릉관광개발공사,https://camping.gtdc.or.kr,,,
camp-31255,백도오토야영장,고성군,고성군청,http://www.baekdo.co.kr/,,,
camp-31597,송지호오토캠핑장,고성군,고성군청,http://camping.gwgs.go.kr,,,
camp-31469,망상 오토캠핑리조트,동해시,동해시청,http://www.campingkorea.or.kr/reservation/06.htm,,,
camp-31470,망상오토캠핑리조트 제2오토캠핑장,동해시,동해시청,www.mangsangcamping.or.kr/,,,
camp-31474,무릉계곡힐링캠핑장,동해시,동해시청,http://mureungvalley.or.kr,,,
camp-31550,추암오토캠핑장,동해시,동해시시설관리공단,https://www.chuamautocamping.or.kr/guide/02_02.htm,,,
camp-gc-001,가곡 유황온천 국민여가캠핑장,삼척시,,,,,
camp-31471,맹방 비치캠핑장,삼척시,삼척시청,https://smacheokcmap.quv.kr/home,,,
camp-31262,병풍바위야영장,삼척시,삼척시청,https://www.gocamping.or.kr/bsite/camp/info/read.do?c_no=1360&viewType=read01,,,
camp-31337,장호비치캠핑장,삼척시,삼척시청,http://www.janghocamping.kr/,,,
camp-31596,속초국민여가캠핑장,속초시,속초시시설관리공단,http://reserve.sokchosiseol.or.kr/homepage/info.jsp,,,
camp-gc-002,속초해변 국민여가 캠핑장,속초시,,,,,
camp-31191,국토정중앙천문대야영장,양구군,양구군청,http://yanggu.ticketplay.zone/portal/index,,,
camp-31354,지경국민여가캠핑장,양양군,강원도 양양군,http://jgcamp.kr/,,,
camp-gc-003,상동 선바위골 국민여가캠핑장,영월군,,,,,
camp-31281,성동힐링센터 휴(休)영월캠프,영월군,영월군청,https://www.sd.go.kr/reserve/contents.do?key=2170&,,,
camp-31315,영월 동강오토캠핑장,영월군,영월군청,https://www.gocamping.or.kr/bsite/camp/info/read.do?c_no=2226&viewType=read01,,,
camp-31378,펫힐링 달빛동물원 캠핑장,영월군,영월군청,http://moonlightzoo.kr/,,,
camp-31413,간현관광지 캠핑장,원주시,원주시청,https://seilplace.rweb.kr/hotel/view/419,,,
camp-gc-004,진동리 국민여가캠핑장 by zapza,인제군,,,,,
camp-30948,도사곡자연휴양림 야영장,정선군,정선군시설관리공단,https://jsimc.or.kr/layout/basic/page/page1/page11.html,,,
camp-30950,동강전망휴양림 오토캠핑장,정선군,정선군시설관리공단,https://jsimc.or.kr/layout/basic/page/page1/page09.html,,,
camp-31253,바람하늘공원 야영장,정선군,정선군시설관리공단,https://www.jsimc.or.kr/layout/basic/page/page1/page04.html,,,
camp-31300,아우라지관광지,정선군,정선군시설관리공단,https://www.jeongseon.go.kr/tour/jeongseontour/attractions?contentSeq=289&mode=read,,,
camp-31341,정선국민여가캠핑장,정선군,정선군시설관리공단,https://www.watchticket.co.kr/html/main/main_hoedong.asp,,,
camp-31342,정선군생태체험학습장야영장,정선군,정선군시설관리공단,https://jsimc.or.kr/layout/basic/page/page1/page14.html,,,
camp-31348,졸드루야영장,정선군,정선군청,https://www.jeongseon.go.kr/tour/jeongseontour/attractions,,,
camp-31390,항골계곡 야영장,정선군,정선군청,https://www.gocamping.or.kr/bsite/camp/info/read.do?c_no=3485&viewType=read03,,,
camp-31396,화암약수 야영장,정선군,정선군시설관리공단,https://www.watchticket.co.kr/html/main/main_hwaam.asp,,,
camp-31296,쉬리마을농어촌관광휴양단지야영장,철원군,철원군청,http://swiripark.com/,,,
camp-31361,철원 평화마을 서울캠핑장,철원군,서울특별시,https://blog.naver.com/seoul_camp/221499418105,,,
camp-31395,화강 수변 오토캠핑장,철원군,철원군청,https://www.gocamping.or.kr/bsite/camp/info/read.do?c_no=3545&viewType=read05,,,
camp-gc-005,구곡폭포 국민여가 캠핑장,춘천시,,,,,
camp-31258,별 헤는 마을,춘천시,춘천시청,http://www.xn--oi2bl1gq7lezgmg408a.kr/,,,
camp-gc-006,청평사 국민여가 캠핑장,춘천시,,,,,
camp-31092,태백고원자연휴양림 야영장,태백시,태백시청,https://www.foresttrip.go.kr/indvz/main.do?hmpgId=ID02030022,,,
camp-31201,꿈의대화캠핑장,평창군,평창군청,http://www.꿈의대화캠핑장.kr/contents/main.html,,,
camp-gc-007,평창 국민여가캠핑장,평창군,,,,,
camp-31377,팔봉산관광지 야영장,홍천군,홍천군청,https://www.hongcheon.go.kr/palbong/index.do,,,
camp-31393,홍천강 오토캠핑장,홍천군,홍천군청,https://www.hongcheon.go.kr/tour/contents.do?key=1884,,,
camp-31394,홍천강 자라바위 오토캠핑장,홍천군,홍천군청,https://www.hongcheon.go.kr/tour/contents.do?key=1886,,,
camp-31238,돌집야영장,화천군,화천군청,https://www.gocamping.or.kr/bsite/camp/info/read.do?c_no=859&viewType=read01,,,
camp-gc-008,만산동 국민여가 캠핑장,화천군,,,,,
camp-31600,평화의댐 오토캠핑장,화천군,화천군청,http://eco-school.ihc.go.kr/hb/camp/sub01_01_01,,,
camp-31399,화천에코스쿨 생태체험장,화천군,화천군청,http://eco-school.ihc.go.kr/hb/camp/sub01_01_02,,,
camp-gc-009,솔밭체육공원오토캠핑장,횡성군,,,,,
camp-31405,횡성 별빛마을 서울캠핑장,횡성군,서울특별시청,https://blog.naver.com/seoul_camp/221498996186,,,
camp-31073,주작산자연휴양림 야영장,강진군,강진군청,https://www.foresttrip.go.kr/indvz/main.do?hmpgId=ID02030060,,,
camp-31367,청자촌 오토캠핑장,강진군,강진군청,http://gjcamping.co/,,,
camp-31101,팔영산자연휴양림 야영장,고흥군,고흥군청,https://www.foresttrip.go.kr/indvz/main.do?hmpgId=ID02030069,,,
camp-gc-016,광산구 국민여가 친환경 오토캠핑장,광산구,,,,,
camp-30830,광양백운산자연휴양림 야영장,광양시,광양시청,https://www.foresttrip.go.kr/indvz/main.do?hmpgId=ID02030061,,,
camp-gc-019,백운제 농어촌테마공원 자동차 야영장,광양시,,,,,
camp-31434,나주박물관 야외체험장,나주시,나주시청,https://naju.museum.go.kr/html/kr/,,,
camp-31533,영산강 승촌보캠핑장,남구,광주남구청,https://camp.xticket.kr/web/main?shopEncode=a1535c44b7b5b3ab38fd902f0c58f8600f1a57e45999ac4b1a7b8c321f1d2df5,,,
camp-31244,무안황토갯벌랜드 오토캠핑장,무안군,무안군청,https://www.muan.go.kr/getbol/camping_ground/facilities_guide/camping_ground,,,
camp-31403,회산백련지 오토캠핑장,무안군,무안군청,https://www.muan.go.kr/lotus,,,
camp-31067,제암산자연휴양림 야영장,보성군,보성군청,https://www.foresttrip.go.kr/indvz/main.do?hmpgId=ID02030090,,,
camp-31601,광주시민의 숲 야영장,북구,광주북구청,https://www.gwangju.go.kr/envi/contentsView.do?pageId=envi42,,,
camp-31295,순천국민여가캠핑장,순천시,순천시청,https://www.foresttrip.go.kr/indvz/main.do?hmpgId=ID02030058,,,
camp-31026,순천자연휴양림 야영장,순천시,순천시청,https://www.foresttrip.go.kr/indvz/main.do?hmpgId=ID02030058,,,
camp-31350,주암 오토캠핑장,순천시,순천시청,http://sjcamping.co.kr/main/,,,
camp-31028,신안자연휴양림 캠핑장,신안군,신안군청,,,,
camp-30979,봉황산자연휴양림 야영장,여수,여수시도시관리공단,https://www.foresttrip.go.kr/indvz/main.do?hmpgId=ID02030097,,,
camp-31306,여수굴전여가캠핑장,여수시,여수시청,http://yeosucamping.co.kr,,,
camp-31324,웅천친수공원 야영장,여수시,여수시청,http://ok.yeosu.go.kr/ok/stay/woongcheon/reservation/page.ok,,,
camp-31165,가마미야영장,영광군,영광군청,http://www.gamamibeach.co.kr/,,,
camp-31409,F1 오토캠핑장,영암군,영암군청,https://www.koreacircuit.kr:442/web,,,
camp-gc-020,영암군 국민여가 캠핑장,영암군,,,,,
camp-31392,홍길동테마파크 야영장,장성군,장성군청,https://www.jangseong.go.kr/home/honggildong,,,
camp-gc-021,정남진리조트 국민여가캠핑장,장흥군,,,,,
camp-31355,진도풍경오토캠핑장,진도군,진도군청,https://www.jindo.go.kr/sambyeolcho/sub/0202.php,,,
camp-31561,함평나비마을 서울캠핑장,함평군,서울특별시청,https://blog.naver.com/seoul_camp/221494081147,,,
camp-31463,땅끝오토캠핑장,해남군,해남군청,https://autocamp.haenam.go.kr/main/index.html,,,
camp-31465,땅끝황토나라테마촌,해남군,해남군청,https://www.hwangtocamping.com/main/index.html,,,
camp-31115,흑석산자연휴양림 야영장,해남군,해남군청,https://www.foresttrip.go.kr/indvz/main.do?hmpgId=ID02030045,,,
camp-31318,오류캠핑장,경주시,경주시시설관리공단,https://camping.gyeongju.go.kr/index.jsp,,,
camp-31227,대가야농촌문화체험특구 캠핑장,고령군,고령군청,https://www.gocamping.or.kr/bsite/camp/info/read.do?c_no=6768&viewType=read01,,,
camp-31228,대가야역사테마관광지 캠핑장,고령군,고령군청,https://www.gocamping.or.kr/bsite/camp/info/read.do?c_no=719&viewType=read01,,,
camp-31265,부례관광지,고령군,고령군청,https://www.gocamping.or.kr/bsite/camp/info/read.do?c_no=1396&viewType=read01,,,
camp-31188,구미 캠핑장,구미시,구미시설공단,https://camp.xticket.kr/web/main?shopEncode=55479e903d91d14dafe6e066016dfb02a001845c0efdbeec73a14670384a028d,,,
camp-31195,금오산 야영장,구미시,금오산야영장관리사무소,www.gumi.go.kr/tour,,,
camp-31042,옥성자연휴양림 야영장,구미시,구미시설관리공단,https://www.foresttrip.go.kr/indvz/main.do?hmpgId=ID02030066,,,
camp-31192,군위전투전승기념공원캠핑장,군위군,군위군청,https://www.gunwi.go.kr/peace/index.do,,,
camp-31327,위천수변 테마파크,군위군,군위군청,http://wcpark.gunwi.go.kr/page/reservation,,,
camp-31200,김천부항댐 산내들 오토캠핑장,김천시,김천시청,https://www.gc.go.kr/sannaedeul/main.do,,,
camp-31353,증산수도계곡캠핑장,김천시,김천시청,https://www.gc.go.kr/sudo/main.do,,,
camp-31213,단산모노레일오토캠핑장,문경시,문경관광진흥공단,https://www.mgtpcr.or.kr/web/page.do?menuIdx=573,,,
camp-31214,단산숲속캠핑장,문경시,문경관광진흥공단,https://www.mgtpcr.or.kr/web/monorailList.do?menuIdx=578#loadPosition,,,
camp-31248,문경새재국민여가캠핑장,문경시,문경관광진흥공단,https://www.mgtpcr.or.kr/web/page.do?menuIdx=357,,,
camp-31247,문경새재국민여가캠핑장,문경시,문경관광진흥공단,https://www.mgtpcr.or.kr/web/page.do?menuIdx=357,,,
camp-30985,불정자연휴양림 야영장,문경시,문경관광진흥공단,https://www.mgtpcr.or.kr/web/page.do?menuIdx=371,,,
camp-30964,문수산자연휴양림 야영장,봉화군,봉화군청,https://www.foresttrip.go.kr/indvz/main.do?hmpgId=ID02030102,,,
camp-31568,봉화 솔향가득 서울캠핑장,봉화군,서울특별시,https://blog.naver.com/seoul_camp/221494118588,,,
camp-31502,석문 오토캠핑장,봉화군,봉화군청,https://www.bonghwa.go.kr/open.content/tour/,,,
camp-31364,청량산캠핑장,봉화군,봉화군청,https://www.bonghwa.go.kr/open.content/camp/,,,
camp-31579,문장대 야영장(상오지구),상주시,상주시청,https://www.sangju.go.kr/tour/sights/detail.tc?mn=4033&pageSeq=2898&paramIdx=327&protocol=http,,,
camp-31578,문장대 야영장(용유지구),상주시,상주시청,https://www.sangju.go.kr/tour/sights/detail.tc?mn=4033&pageSeq=2898&paramIdx=327&protocol=http,,,
camp-31250,문장대오토캠핑장,상주시,상주시청,https://www.mjdcamp.kr:455/,,,
camp-31569,상주 감꽃마을 서울캠핑장,상주시,서울특별시,https://blog.naver.com/seoul_camp/221494122059,,,
camp-30997,상주 성주봉자연휴양림 야영장,상주시,상주군청,https://www.foresttrip.go.kr/indvz/main.do?hmpgId=ID02030039,,,
camp-31273,상주보 오토캠핑장,상주시,상주시청,http://seksj.co.kr/,,,
camp-31193,금수문화공원 야영장,성주군,성주군청,https://www.sj.go.kr/gumsu/main.do,,,
camp-31207,남작골농촌체험마을야영장,성주군,성주군청,https://sori114.com/sori/board.php?board=acc&command=body&no=38427,,,
camp-31215,단호샌드파크캠핑장,안동시,안동시시설관리공단,https://www.danhosand.or.kr:1002/coding/sub4/sub2.asp,,,
camp-31030,안동계명산자연휴양림 야영장,안동시,안동시시설관리공단,https://www.foresttrip.go.kr/indvz/main.do?hmpgId=ID02030029,,,
camp-31311,영덕 고래불 국민 야영장,영덕군,영덕군청,http://stay.yd.go.kr/,,,
camp-31314,영덕 해맞이 캠핑장,영덕군,영덕군청,http://stay.yd.go.kr/,,,
camp-31277,생태공원사업소 캠핑장,영양군,영양군청,https://www.yyg.go.kr/np/camping,,,
camp-31261,별빛야영장,영천시,영천시 시설관리공단,https://tickets.interpark.com/goods/18012813,,,
camp-31260,별빛야영장,영천시,영천시 시설관리공단,https://tickets.interpark.com/goods/18012813,,,
camp-30976,보현산자연휴양림 야영장,영천시,영천시청,https://www.foresttrip.go.kr/indvz/main.do?hmpgId=ID02030105,,,
camp-31056,운주산승마자연휴양림 야영장,영천시,영천시시설관리공단,https://www.foresttrip.go.kr/indvz/main.do?hmpgId=ID02030081,,,
camp-31371,치산 관광지 캠핑장,영천시,영천시 시설관리공단,http://ticket.interpark.com/Ticket/Goods/GoodsInfo.asp?GoodsCode=20010339,,,
camp-31271,삼강나루캠핑장,예천군,예천군청,삼강나루캠핑장.kr,,,
camp-31317,예천군 곤충나라 사과테마파크 오토캠핑장,예천군,예천군청,https://www.ycg.kr/open.content/ko/section/agriculture/apple.park/camping/,,,
camp-gc-014,울릉군국민여가캠핑장,울릉군,,,,,
camp-31387,학포야영장,울릉군,울릉군청,http://ulleung.go.kr/tour/page.htm?mnu_uid=2085&,,,
camp-30838,구수곡자연휴양림 야영장,울진군,울진군청,https://www.foresttrip.go.kr/indvz/main.do?hmpgId=ID02030073,,,
camp-31179,고운마을캠핑장,의성군,의성군청,http://www.gowoon.or.kr/sub6_1.html,,,
camp-31328,의성펫월드 오토캠핑장,의성군,의성군청,https://www.usc.go.kr/petworld/main.tc,,,
camp-31322,운문산군립공원 소머리 야영장,청도군,청도군청,https://www.gocamping.or.kr/bsite/camp/info/read.do?c_no=2439&viewType=read01,,,
camp-31362,청도신화랑 풍류마을 오토캠핑장,청도군,청도우리정신문화재단,http://cdws.or.kr/open.content/hwarang/facilities/camp/,,,
camp-31168,가산산성 야영장,칠곡군,팔공산도립공원관리사무소,https://camping.gb.go.kr/main.php,,,
camp-31021,송정자연휴양림 야영장,칠곡군,칠곡군청,https://www.foresttrip.go.kr/indvz/main.do?hmpgId=ID02030076,,,
camp-31372,칠곡보 오토캠핑장,칠곡군,칠곡군청,https://camp.xticket.kr/web/main?shopEncode=3b8dfd4fe83ef398626319d169929b5df473aafca57da427af869db901ce8b86,,,
camp-31098,팔공산금화자연휴양림 야영장,칠곡군,경상북도산림자원개발원,https://www.foresttrip.go.kr/indvz/main.do?hmpgId=ID02030006,,,
camp-30992,비학산자연휴양림 야영장,포항시,포항시청,https://www.foresttrip.go.kr/indvz/main.do?hmpgId=ID02030052,,,
camp-gc-015,포항국민여가캠핑장,포항시,,,,,
camp-31383,포항시 국민여가캠핑장,포항시,포항시청,https://www.pohang.go.kr/camping/web/,,,
camp-31219,달서별빛캠프 캠핑장,달서구,달서구청,https://camp.xticket.kr/web/main?shopEncode=f27ad3485cf140b64341e2cc975c376d14561a12aca07349ae393d97379882c7,,,
camp-31203,낙동강레포츠밸리 강변오토캠핑장,달성군,달성군시설관리공단,https://www.dssiseol.or.kr/pages/yeyak_sports/page.html?mc=1135,,,
camp-31204,낙동강레포츠밸리 구지오토캠핑장,달성군,달성군시설관리공단,https://www.dssiseol.or.kr/pages/yeyak_sports/page.html?mc=1186,,,
camp-30989,비슬산자연휴양림 야영장,달성군,달성군시설관리공단,https://www.foresttrip.go.kr/indvz/main.do?hmpgId=ID02030093,,,
camp-31237,도학 오토캠핑장,동구,대구광역시 팔공산자연공원관리사무소,http://yeyak.daegu.go.kr/yeyak/main/mainPage.do,,,
camp-31239,동화야영장,동구,대구광역시 팔공산자연공원관리사무소,https://yeyak.daegu.go.kr/yeyak/PageLink.do?link=/guide/fac_guide26,,,
camp-31264,봉무공원야영장,동구,대구동구청,https://www.gocamping.or.kr/bsite/camp/info/read.do?c_no=1378,,,
camp-31376,파계 오토캠핑장,동구,대구광역시 팔공산자연공원관리사무소,http://yeyak.daegu.go.kr/yeyak/main/mainPage.do,,,
camp-31196,금호강 산격야영장,북구,대구광역시 시설안전관리사업소,http://noricamp.com/site/%EA%B8%88%ED%98%B8%EA%B0%95%20%EC%82%B0%EA%B2%A9%20%EC%95%BC%EC%98%81%EC%9E%A5,,,
camp-31197,금호강 오토캠핑장,북구,대구북구청,https://www.buk.daegu.kr/reserve/index.do?menu_id=00002981,,,
camp-31358,진밭골야영장,수성구,대구광역시 수성구,https://www.suseong.kr/camping/,,,
camp-31356,진밭골야영장,수성구,대구광역시 수성구,https://www.suseong.kr/camping/,,,
camp-gc-017,산디마을 생태공원 캠핑장,대덕구,,,,,
camp-31580,상소오토캠핑장,동구,대전 동구청,https://www.sangsocamping.kr:453/camping.asp,,,
camp-31065,장태산자연휴양림 야영장,서구,대전광역시공원관리시업소,https://www.foresttrip.go.kr/indvz/main.do?hmpgId=ID02030106,,,
camp-31384,하기숲캠핑장,유성구,유성구청,https://www.hgscamp.kr:454/,,,
camp-30934,금강자연휴양림 야영장,금남면,충청남도산림자원연구소,https://www.foresttrip.go.kr/indvz/main.do?hmpgId=ID02030085,,,
camp-31584,세종합강캠핑장,연기면,세종시청 치수방재과,https://www.sjfmc.or.kr/kor/sub04_10_02.do,,,
camp-31340,전월산 국민여가캠핑장,연기면,세종시청 관광문화재과,http://forest.maketicket.co.kr/ticket/GD98,,,
camp-30828,공주산림휴양마을 야영장,공주시,공주시시설관리사업소,https://www.foresttrip.go.kr/indvz/main.do?hmpgId=ID02030011,,,
camp-31181,공주한옥마을 웅진오토캠핑장,공주시,공주시청,https://www.gongju.go.kr/hanok/,,,
camp-gc-031,금산 국민여가캠핑장,금산군,,,,,
camp-30939,남이자연휴양림 야영장,금산군,금산군청,https://www.foresttrip.go.kr/indvz/main.do?hmpgId=ID02030063,,,
camp-31329,인삼골오토캠핑장,금산군,금산군청,https://camp.xticket.kr/web/main?shopEncode=15e1aaac36257a8e149e7dbb83f15fc65715e5f3d4b7687daf6165ce78c5ccf7,,,
camp-31230,대둔산 수락캠핑장,논산시,논산시청,http://surakcamping.com/,,,
camp-31034,양촌자연휴양림 야영장,논산시,논산시청,https://www.foresttrip.go.kr/indvz/main.do?hmpgId=ID02030034,,,
camp-31224,당진난지도 국민여가캠핑장,당진시,당진항만관광공사,http://camping.dpto.or.kr/sub3/3_2.php,,,
camp-31225,당진해양캠핑공원,당진시,당진항만관광공사,http://camping.dpto.or.kr/sub3/3_1.php,,,
camp-31320,왜목오토캠핑장,당진시,당진항만관광공사,http://camping.dpto.or.kr/sub3/3_3.php,,,
camp-31235,대천해수욕장 야영장,보령시,보령시청,https://www.gocamping.or.kr/bsite/camp/info/read.do?c_no=6972&viewType=read01,,,
camp-31246,무창포해수욕장오토캠핑장,보령시,보령시청,http://noricamp.com/site/%EB%AC%B4%EC%B0%BD%ED%8F%AC%ED%95%B4%EC%88%98%EC%9A%95%EC%9E%A5%20%EC%98%A4%ED%86%A0%EC%BA%A0%ED%95%91%EC%9E%A5,,,
camp-31012,성주산자연휴양림 야영장,보령시,보령시청,https://www.foresttrip.go.kr/indvz/main.do?hmpgId=ID02030078,,,
camp-31321,용두해수욕장 숲속야영장,보령시,보령시청,https://www.brsisul.or.kr/kor/sub01_05_02.do,,,
camp-30953,만수산자연휴양림 야영장,부여군,부여군시설관리공단,https://www.foresttrip.go.kr/indvz/main.do?hmpgId=ID02030007,,,
camp-gc-032,서천 국민여가 캠핑장,서천군,,,,,
camp-31501,서천 금빛노을 서울캠핑장,서천군,서천군청,https://blog.naver.com/seoul_camp/221494107300,,,
camp-31037,영인산자연휴양림 야영장,아산시,아산시시설관리공단,https://www.foresttrip.go.kr/indvz/main.do?hmpgId=ID02030012,,,
camp-31316,예당관광지 국민여가캠핑장,예산군,예산군관광시설사업소,http://camping.yesan.go.kr/reservation.do,,,
camp-31453,독립기념관 캠핑장,천안시,천안시청,https://www.i815.or.kr/campsite/camp/site.do,,,
camp-31360,천안국민여가캠핑장,천안시,천안시시설관리공단,https://mccamp.cfmc.or.kr/node/?menu=030100,,,
camp-gc-033,천안시 국민여가캠핑장,천안시,,,,,
camp-31094,태학산자연휴양림 오토캠핑장,천안시,천안시시설관리공단,https://www.foresttrip.go.kr/indvz/main.do?hmpgId=ID02030040,,,
camp-31365,청양 동강리 오토캠핑장,청양군,청양군청 안전재난과,https://river.cheongyang.go.kr/,,,
camp-31366,청양 칠갑산 오토캠핑장,청양군,청양군공공시설사업소,http://camping.cheongyang.go.kr/,,,
camp-31089,칠갑산자연휴양림 야영장,청양군,청양군공공시설사업소,https://www.foresttrip.go.kr/indvz/main.do?hmpgId=ID02030044,,,
camp-30818,거제자연휴양림 야영장,거제시,거제해양관광개발공사,https://www.foresttrip.go.kr/indvz/main.do?hmpgId=ID02030059,,,
camp-gc-012,거창 국민여가캠핑장,거창군,,,,,
camp-30937,금원산자연휴양림 야영장,거창군,경상남도청,https://www.foresttrip.go.kr/indvz/main.do?hmpgId=ID02030077,,,
camp-31293,수승대 오토캠핑장,거창군,거창군청,http://www.geochang.go.kr/tour/ssd/autocamping/reserve/Reserve.do?&pageCd=SD0602000000&siteGubun=ssd,,,
camp-31294,수승대야영장,거창군,거창군청,https://www.geochang.go.kr/tour/ssd/camping/reserve/Reserve.do?&pageCd=SD0603000000&siteGubun=ssd,,,
camp-31176,고성 남산공원 오토캠핑장,고성군,고성군청,https://www.gscamping.com/,,,
camp-31226,당항포 오토캠핑장,고성군,고성군청,https://camp.xticket.kr/web/main?shopEncode=1714e15f2ae140de5dba3810efa1476baf8211013697ae6dcb8386d12933a735,,,
camp-31276,생림 오토 캠핑장,김해시,김해시청,https://www.gocamping.or.kr/bsite/camp/info/read.do?c_no=1601,,,
camp-31298,신어산자연숲캠핑장,김해시,김해시청,http://www.sineosan.com,,,
camp-gc-013,남해 힐링국민여가캠핑장,남해군,,,,,
camp-31240,두곡해수욕장야영장,남해군,남해군청,https://www.gocamping.or.kr/bsite/camp/info/read.do?c_no=900&viewType=read01,,,
camp-31275,상주은모래비치캠핑장,남해군,남해군청,https://sangjubeach.com/autocamp/,,,
camp-31287,송정솔바람야영장,남해군,남해군청,https://www.gocamping.or.kr/bsite/camp/info/read.do?c_no=1797&viewType=read01,,,
camp-31326,월포해수욕장야영장,남해군,남해군청,https://www.gocamping.or.kr/bsite/camp/info/read.do?c_no=2498&viewType=read01,,,
camp-31252,밀양아리랑 오토캠핑장,밀양시,밀양시시설관리공단,https://www.myfmc.or.kr/sub/04_02.php,,,
camp-31267,비토 국민여가캠핑장,사천시,사천시시설관리공단,http://www.bitocamping.com/?c=booking/apply,,,
camp-31457,동의보감촌 숲속글램핑,산청군,산청군청,http://donguibogam-village.sancheong.go.kr/html/sub/01_04_05.jsp,,,
camp-31109,한방자연휴양림 야영장,산청군,산청군청,https://www.foresttrip.go.kr/indvz/main.do?hmpgId=ID02030037,,,
camp-30944,대운산자연휴양림 야영장,양산시,양산시시설관리공단,https://www.foresttrip.go.kr/indvz/main.do?hmpgId=ID02030038,,,
camp-31402,황산문화체육공원 국민여가캠핑장,양산시,양산시시설관리공단,http://www.yssisul.or.kr/stms/hs,,,
camp-31112,화왕산자연휴양림 야영장,창녕군,창녕군산립조합,https://www.foresttrip.go.kr/indvz/main.do?hmpgId=ID02030015,,,
camp-31221,달천공원오토캠핑장,창원시,창원시청,https://camp.changwon.go.kr:8080/,,,
camp-31373,케이블카파크랜드 오토캠핑장,통영시,통영시청,http://www.tycamping.co.kr/,,,
camp-31375,통제영오토토캠핑장,통영시,통영시청,https://cafe.naver.com/tongjaeyoung,,,
camp-31180,고포수변공원 캠핑장,하동군,하동군청,https://www.hadong.go.kr/02640/02651/03372.web,,,
camp-31379,평사리공원 야영장,하동군,하동군청,https://www.hadong.go.kr/02640/02651/02802.web,,,
camp-31385,하동군 다목적캠핑장,하동군,하동군청,https://www.hadong.go.kr/02640/02651/02803.web,,,
camp-31169,강나루 오토캠핑장,함안군,함안군청,https://www.haman.go.kr/04198/04219/04274.web,,,
camp-31388,함양 용추 오토캠핑장,함양군,함양군청,https://cafe.daum.net/yongchoo-camp,,,
camp-31444,대기농촌체험휴양마을,합천군,합천군청,https://korean.visitkorea.or.kr/detail/ms_detail.do?cotid=8d659ae6-610d-40b8-b00d-d2855c926a3f,,,
camp-31040,오도산자연휴양림 야영장,합천군,합천군농업기술센터,https://www.foresttrip.go.kr/indvz/main.do?hmpgId=ID02030068,,,
camp-31343,정양레포츠공원 오토캠핑장,합천군,합천군청,https://www.hc.go.kr/06574/06590/06596.web?amode=view&idx=135&sstring=%EC%A0%95%EC%96%91&stype=name,,,
camp-31565,황매산 국민여가 캠핑장,합천군,합천군청,https://www.hc.go.kr/06571/06780/06790.web?amode=view&idx=67&,,,
camp-31233,대저생태공원 캠핑장,강서구,부산광역시 낙동강관리본부,https://www.daejeocamping.com/,,,
camp-31477,바다가 보이는 부산항 힐링 야영장,동구,부산동구청,https://www.busanpa.com/redevelopment/Contents.do?mCode=MN0081,,,
camp-gc-018,삼락생태공원 오토캠핑장,사상구,,,,,
camp-31231,대왕암공원 캠핑장,동구,울산동구청,https://daewangam.donggu.ulsan.kr/camping/Pginfo.do,,,
camp-31170,강동오토캠핑장,북구,울산 북구청,https://autocamping.bukgu.ulsan.kr/,,,
camp-31241,등억알프스야영장,울주군,울주군청 산림공원과,https://camping.ulju.ulsan.kr/Pgalllight.do,,,
camp-31333,작천정 달빛야영장,울주군,울주군청 산림공원과,https://camping.ulju.ulsan.kr/Pgallstar.do,,,
camp-31334,작천정 별빛야영장,울주군,울주군청 산림공원과,https://camping.ulju.ulsan.kr/Pgallstar.do,,,
camp-31331,입화산 참살이 숲 야영장,중구,울산 중구청,https://www.junggu.ulsan.kr/camping/camp/iphwa/intro.do?searchCsId=,,,
camp-31332,입화산 참살이숲 제2오토캠핑장,중구,울산중구청,https://www.junggu.ulsan.kr/camping/camp/iphwa_auto2/intro.do,,,
camp-31374,태화연캠핑장,중구,울산중구청,https://www.junggu.ulsan.kr/camping/camp/taehwa/intro.do?searchCsId=,,,
camp-31400,황방산 생태야영장,중구,울산중구청,https://www.junggu.ulsan.kr/camping/camp/hwangbang/intro.do,,,
camp-31493,산장관광지,가평군,가평군청,https://www.gpfmc.or.kr/gpfmc/main/main.php,,,
camp-31540,자라섬캠핑장,가평군,가평군청,https://www.jaraisland.or.kr/jara/main/main.php,,,
camp-31589,킨텍스캠핑장,고양시,고양도시관리공사,https://www.gys.or.kr/subpage/index/274,,,
camp-31500,서울대공원야영장,과천시,과천시청,https://www.seoul.go.kr/storyw/campingjang/park.do,,,
camp-31183,광명도덕산캠핑장,광명시,광명도시공사,https://www.gmuc.co.kr/user/conn/campIntro.do,,,
camp-31172,경기도청소년야영장,광주시,경기도청소년수련원,https://www.ggyc.kr/gwangju/index,,,
camp-31592,구리 토평 가족캠핑장,구리시,구리도시공사,http://camping.guriuc.or.kr/guricamping/index.php,,,
camp-gc-010,초막골생태공원 느티나무야영장,군포시,,,,,
camp-31410,가족쉼터,남양주시,남양주시청,https://www.gocamping.or.kr/bsite/camp/info/read.do?c_no=90&viewType=read01,,,
camp-31081,축령산자연휴양림 야영장,남양주시,경기도,https://www.foresttrip.go.kr/indvz/main.do?hmpgId=ID02030050,,,
camp-31182,광교호수공원 가족캠핑장,수원시,수원도시공사,https://www.suwonudc.co.kr/ggcamping/mainPage.do,,,
camp-31417,갯골캠핑장,시흥시,시흥시청,https://www.gocamping.or.kr/bsite/camp/info/read.do?c_no=6731,,,
camp-31174,경기도청소년야영장(안산캠핑장),안산시,경기도청소년수련원,https://www.ggyc.kr/ansan/index,,,
camp-31302,안산화랑오토캠핑장,안산시,안산시청,https://tickets.interpark.com/goods/20004246,,,
camp-31002,서운산자연휴양림 야영장,안성시,안성시청,https://www.foresttrip.go.kr/indvz/main.do?hmpgId=ID02030092,,,
camp-31303,안성맞춤 자동차야영장,안성시,안성시설관리공단,https://www.gocamping.or.kr/bsite/camp/info/read.do?c_no=2030&viewType=read01,,,안성시 다목적 야영장으로 통합
camp-31304,안성맞춤 캠핑장,안성시,안성시설관리공단,https://www.anseong.go.kr/tourPortal/camp/main.do,,,안성시 다목적 야영장으로 통합
camp-31305,안성시 다목적 야영장,안성시,안성시청,http://anseong.camplink.co.kr/,매월 15일 오전11시,,매월 10일 오전9시 안성시민 선예약(전체사이트 1/2 선오픈)
camp-31485,병목안캠핑장,안양시,안양시청,https://www.auc.or.kr/bmacamp/contents/view?contentsNo=139&menuLevel=2&menuNo=127,,,
camp-31586,양주시 미술관옆 캠핑장,양주시,양주시청,https://camp.xticket.kr/web/main?shopEncode=aa49da0f8cd25851d5c139292c8aa729fd764d92fd786f4ff5efbb26ee087e34,,,
camp-31049,용문산자연휴양림 야영장,양평군,양평공사,https://www.foresttrip.go.kr/indvz/main.do?hmpgId=ID02030087,,,
camp-31538,이포보오토캠핑장,여주군,여주시청,http://camp.yjcmc.or.kr/epoc/index.jsp,,,
camp-31539,이포보웰빙캠핑장,여주군,여주시청,http://camp.yjcmc.or.kr/epoc/index.jsp,,,
camp-31433,금은모래 캠핑장,여주시,여주시청,http://camp.yjcmc.or.kr/gsmc/index.jsp,,,
camp-30822,고대산자연휴양림 야영장,연천군,연천군청,https://www.foresttrip.go.kr/indvz/main.do?hmpgId=ID02030001,,,
camp-31438,다솔관광농원,연천군,경기관광공사,https://ggtour.or.kr/enjoy/theme.php?tmenu=&smenu=&stitle=&tsort=2&msort=15&board_code=19&board=19&s_category_name=&key=&page=4&mode=detail&no=50790,,,
camp-31574,세계캠핑체험존,연천군,연천군청,https://www.yccs.or.kr/,,,
camp-31559,한탄강관광지 오토캠핑장,연천군,연천군시설관리공단,https://www.yccs.or.kr/sisul/sisul_01_2/,,,
camp-31243,맑음터공원 캠핑장,오산시,오산시청,https://www.osan.go.kr/camping/main.do,,,
camp-31484,별아래 캠핑장,용인시,용인시청,https://ggtour.or.kr/enjoy/camping.php?tmenu=&smenu=&stitle=&tsort=4&msort=144&board_code=19&board=19&s_category_name=&key=&s_category_code1=9&s_category_code1_1=53&no=50519&mode=detail&page=8&s_tag=&s_admin_no=,,,
camp-31052,용인자연휴양림 야영장,용인시,용인도시공사,https://www.foresttrip.go.kr/indvz/main.do?hmpgId=ID02030031,,,
camp-31242,레솔레파크야영장,의왕시,의왕도시공사,http://uiwangpark.uuc.or.kr/reservation/reserve.j네,,,
camp-31537,이천농업테마공원 국민여가캠핑장,이천시,이천시청,https://2000farmpark.or.kr/,,,
camp-31381,평화누리 캠핑장,파주시,경기관광공사,http://imjingakcamping.co.kr/index.html,,,
camp-31508,소풍정원 캠핑장,평택시,평택시청,https://www.pyeongtaek.go.kr/camp/main.do,,,
camp-gc-011,평택항 국민여가캠핑장,평택시,,,,,
camp-31435,노원힐링캠핑장,포천시,노원구청,https://www.nowon.kr/www/info/info1/info1_09/info1_09_01.jsp,,,
camp-31323,운악레저타운,포천시,포천시청,http://www.tmon.co.kr/deal/596865370,,,
camp-31382,포천 비둘기낭 캠핑장,포천시,포천시청,http://www.pcuc.kr/open_content/reservation/camping/facilities.jsp,,,
camp-31557,포천자연마을 서울캠핑장,포천시,서울특별시청,https://www.seoul.go.kr/storyw/campingjang/pocheon.do,,,
camp-31398,화적연 캠핑장,포천시,포천시청,http://xn--ej5b84a3hy7uz2ikqb.com/,,,
camp-31564,화성시 향남 오토캠핑장,화성시,화성도시공사,https://forest.maketicket.co.kr/ticket/GD90,,,
camp-31414,강동그린웨이 가족캠핑장,강동구,강동구도시관리공단,https://www.igangdong.or.kr/page/ce/ce_0201.asp,,,
camp-31567,우이동 가족캠핑장,강북구,강북구 도시관리공단,https://www.seoul.go.kr/storyw/campingjang/ui.do,,,
camp-31548,초안산캠핑장,노원구,노원구서비스공단,https://www.nowonsc.kr/fmcs/110,,,
camp-31436,월드컵공원 노을캠핑장,마포구,서부공원녹지사업소,https://www.seoul.go.kr/storyw/campingjang/noel.do,,,
camp-31594,한강공원 난지캠핑장,마포구,한강사업본부,https://www.seoul.go.kr/storyw/campingjang/nanji.do,,,
camp-31566,중랑캠핑숲 가족캠핑장,중랑구,서울특별시청,https://www.seoul.go.kr/storyw/campingjang/jungnang.do,,,
camp-31236,덕산국민여가캠핑장,강화군,강화군시설관리공단,https://dscamp.ghss.or.kr/usr/mav/MainView.do,,,
camp-31389,함허동천야영장,강화군,강화군시설관리공단,https://camp.ghss.or.kr/usr/mav/MainView.do,,,
camp-31286,송도스포츠캠핑장,연수구,인천환경공단,https://www.gocamping.or.kr/bsite/camp/info/read.do?c_no=1788,,,
camp-31285,송도스포츠캠핑장,연수구,경제자유구역청 송도사업본부 환경녹지과,https://www.gocamping.or.kr/bsite/camp/info/read.do?c_no=1788,,,
camp-31330,인천송도국제캠핑장,연수구,인천시청(경제자유구역청),http://forest.maketicket.co.kr/ticket/GD102,,,
camp-31278,서포리 관광지 오토캠핑장,옹진군,관광문화진흥과,http://deokjeok.co.kr/joy/sea.php,,,
camp-31297,승봉도 캠핑장,옹진군,도서주거개선과,https://seungbongcamp.modoo.at/?link=e1o67bdf,,,
camp-gc-022,(중복제거) 선운산도립공원야영장,고창군,,,,,
camp-gc-023,고창군 국민여가캠핑장,고창군,,,,,
camp-gc-024,고창군 선운산 국민여가캠핑장,고창군,,,,,
camp-gc-025,동호 국민여가캠핑장,고창군,,,,,
camp-gc-026,금강호 국민여가 캠핑장,군산시,,,,,
camp-31198,김제 모악산 캠핑파크,김제시,김제시청,https://www.gimje.go.kr/tour/index.gimje?menuCd=DOM_000000408002000000,,,
camp-gc-027,남원 백두대간 국민여가캠핑장,남원시,,,,,
camp-31205,남원 에코롯지 캠핑장,남원시,남원시청,www.namwon.go.kr/reserve/index.do,,,
camp-31206,남원 트리하우스 캠핑장,남원시,남원시청,www.namwon.go.kr/reserve/index.do,,,
camp-30958,무주반디랜드 청소년야영장,무주군,무주군청,https://tour.muju.go.kr/bandiland/index.do,,,
camp-30960,무주향로산자연휴양림 야영장,무주군,무주군청,https://www.foresttrip.go.kr/indvz/main.do?hmpgId=ID02030108,,,
camp-31256,변산 오토캠핑장,부안군,부안군청,http://byeon-san.co.kr/,,,
camp-31352,줄포만갯벌생태공원 캠핑장,부안군,부안군청,https://julpoman.buan.go.kr,,,
camp-31208,녹두장군 전봉준관,순창군,순창군청,https://korean.visitkorea.or.kr/detail/ms_detail.do?cotid=95f33c6d-bdd4-4c7c-b4c7-c1fa9fc3bafd,,,
camp-31279,섬진강 마실휴양숙박시설단지,순창군,순창군청,https://blog.naver.com/happyinki1,,,
camp-31603,섬진강향가오토캠핑장,순창군,순창군청,http://섬진강향가오토캠핑장.com/?r=home&c=5/19,,,
camp-30824,고산자연휴양림 야영장,완주군,완주군청,https://www.foresttrip.go.kr/indvz/main.do?hmpgId=ID02030025,,,
camp-31325,웅포관광지 캠핑장,익산시,익산시청,http://camping.iksan.go.kr,,,
camp-gc-028,성수산 왕의숲 국민여가캠핑장,임실군,,,,,
camp-gc-029,오수의견 국민여가캠핑장,임실군,,,,,
camp-31254,방화동 가족휴가촌 오토캠핑장,장수군,장수군청,https://www.foresttrip.go.kr/indvz/main.do?hmpgId=ID02030082,,,
camp-30970,방화동자연휴양림 야영장,장수군,장수군청,https://www.foresttrip.go.kr/indvz/main.do?hmpgId=ID02030082,,,
camp-31046,와룡자연휴양림 야영장,장수군,장수군청,https://www.foresttrip.go.kr/indvz/main.do?hmpgId=ID02030084,,,
camp-31543,장수누리파크 오토캠핑장,장수군,장수군청,https://www.gocamping.or.kr/bsite/camp/info/read.do?c_no=2659&viewType=read01,,,
camp-31344,정읍시 내장산 국민여가캠핑장,정읍시,정읍시청,http://www.jeongeup.go.kr/reserve/board/list.jeongeup?boardId=BBS_0000226&menuCd=DOM_000001207001006000&contentsSid=3645&cpath=%2Freserve,,,
camp-gc-030,운일암반일암 국민여가캠핑장,진안군,,,,,
camp-30987,붉은오름자연휴양림 야영장,서귀포시,서귀포시청,https://www.foresttrip.go.kr/indvz/main.do?hmpgId=ID02030014,,,
camp-31000,서귀포자연휴양림 야영장,서귀포시,서귀포시산림휴양관리소,https://www.foresttrip.go.kr/indvz/main.do?hmpgId=ID02030013,,,
camp-30835,교래자연휴양림 야영장,제주시,제주시청,https://www.foresttrip.go.kr/indvz/main.do?hmpgId=ID02030056,,,
camp-31184,괴강국민여가캠핑장,괴산군,괴산군청,https://jwyccamp.kr/,,,
camp-31010,성불산자연휴양림 야영장,괴산군,괴산군청,https://www.foresttrip.go.kr/indvz/main.do?hmpgId=ID02030070,,,
camp-31397,화양동 야영장,괴산군,괴산군청,http://hwayangcamp.com/,,,
camp-31210,다리안관광지,단양군,단양관광관리공단,http://www.danyangcamping.com/pension_resv/resv_form1.htm,,,
camp-31440,단양팔경투어,단양군,단양군청,http://www.danyangtour.net/tourlistv.php?stcodetw=01-05,,,
camp-31229,대강오토캠핑장,단양군,단양관광관리공단,https://camp.dtmc.or.kr:452/,,,
camp-31283,소선암 오토캠핑장,단양군,단양관광관리공단,https://www.eco-i.or.kr/sportsPark/main/main.asp,,,
camp-31359,천동오토캠핑장,단양군,단양관광관리공단,https://camp.dtmc.or.kr:452/facility.asp?location=003,,,
camp-gc-034,보은국민여가캠핑장,보은군,,,,,
camp-31289,송호리 국민관광지 야영장,영동군,영동군청,https://yd21.go.kr/portal/html/sub01/0101.html,,,
camp-31063,장령산자연휴양림 야영장,옥천군,옥천군청,https://www.foresttrip.go.kr/indvz/main.do?hmpgId=ID02030036,,,
camp-30973,백야자연휴양림 야영장,음성군,음성군청,https://www.foresttrip.go.kr/indvz/main.do?hmpgId=ID02030016,,,
camp-31290,수레의산 국민여가 캠핑장,음성군,음성군청,http://www.eumseong.go.kr/forest/contents.do?key=1828,,,
camp-31024,수레의산자연휴양림 야영장,음성군,음성군청,https://www.foresttrip.go.kr/indvz/main.do?hmpgId=ID02030017,,,
camp-30968,박달재자연휴양림 야영장,제천시,제천시청,https://www.foresttrip.go.kr/indvz/main.do?hmpgId=ID02030062,,,
camp-31347,제천 하늘뜨레 서울캠핑장,제천시,제천시청,https://blog.naver.com/seoul_camp/221499393337,,,
camp-31349,좌구산오토캠핑장,증평군,증평군청,https://www.foresttrip.go.kr/indvz/main.do?hmpgId=ID02030089,,,
camp-31071,좌구산휴양랜드 야영장,증평군,증평군휴양공원사업소,https://www.foresttrip.go.kr/indvz/main.do?hmpgId=ID02030089,,,
camp-gc-035,문암생태공원,청주시,,,,,
camp-31044,옥화자연휴양림 오토캠핑장,청주시,청주시시설관리공단,https://www.foresttrip.go.kr/indvz/main.do?hmpgId=ID02030054,,,
camp-31391,현도오토캠핑장,청주시,청주시시설관리공단,https://crs.cjsisul.or.kr/pGuide/int01001_list.do?actionType=fac_guide&menu_id=A01,,,
camp-30962,문성자연휴양림 야영장,충주시,충주시설관리공단,https://www.foresttrip.go.kr/indvz/main.do?hmpgId=ID02030055,,,
camp-30982,봉황자연휴양림 야영장,충주시,충주시설관리공단,https://www.foresttrip.go.kr/indvz/main.do?hmpgId=ID02030051,,,
camp-31563,행복숲 체험원,충주시,충주시시설관리공단,https://www.cjfmc.or.kr/hbf/index.do,,,
