id,name,category,type_detail,region,sido,sigungu,address,lat,lng,operator,operator_level,tel,homepage,facilities,source,operator_verified
camp-31308,연곡해변솔향기캠핑장,카라반,카라반,강원,강원특별자치도,강릉시,강원도 강릉시 연곡면 동덕리 143-11,37.8585011732194,128.852599862882,강릉관광개발공사,지방공기업·출자출연기관,033-662-2900,https://camping.gtdc.or.kr,"카라반 8면,전기시설,상하수도시설,샤워장",공유누리(행정안전부),Y
camp-31255,백도오토야영장,자동차야영장,자동차야영장,강원,강원특별자치도,고성군,강원도 고성군 죽왕면 문암항길 133,38.3016193817244,128.545914207408,고성군청,기초자치단체,010-2176-0743,http://www.baekdo.co.kr/,"오토캠핑장(74개), 화장실, 취사장, 족구장, 해수욕",공유누리(행정안전부),Y
camp-31597,송지호오토캠핑장,자동차야영장,자동차야영장,강원,강원특별자치도,고성군,강원도 고성군 죽왕면 동해대로 6090,38.3427788548844,128.513160364788,고성군청,기초자치단체,033-681-5244,http://camping.gwgs.go.kr,"통나무집(7동), 데크(90면),샤워장,급수대",공유누리(행정안전부),Y
camp-31469,망상 오토캠핑리조트,자동차야영장,자동차야영장,강원,강원특별자치도,동해시,강원도 동해시 동해대로6370,37.600422060442,129.078458215822,동해시청,기초자치단체,033-539-3600,http://www.campingkorea.or.kr/reservation/06.htm,"단독객실(4채), 단층연립형(6실), 복층연립형 (12실),전기시설,상하수도시설,샤워실,화장실",공유누리(행정안전부),Y
camp-31470,망상오토캠핑리조트 제2오토캠핑장,자동차야영장,자동차야영장,강원,강원특별자치도,동해시,강원도 동해시 망상동 393-97,37.5901304313241,129.094377027399,동해시청,기초자치단체,033-539-3618,www.mangsangcamping.or.kr/,"캐라반(20대), 일반야영장(56면),전기시설,상하수도시설,샤워실,화장실",공유누리(행정안전부),Y
camp-31474,무릉계곡힐링캠핑장,자동차야영장,자동차야영장,강원,강원특별자치도,동해시,강원도 동해시 삼화로 467,37.4643979848214,129.026555262453,동해시청,기초자치단체,033-539-3700,http://mureungvalley.or.kr,"표준형(32면), 특별형(3면),전기시설,상하수도시설,샤워실,화장실",공유누리(행정안전부),Y
camp-31550,추암오토캠핑장,자동차야영장,자동차야영장,강원,강원특별자치도,동해시,강원도 동해시 촛대바위길 28 (추암동),37.4770967561542,129.159191877666,동해시시설관리공단,지방공기업·출자출연기관,033-539-3736,https://www.chuamautocamping.or.kr/guide/02_02.htm,"오토캠핑장사이트(32동) 일반캠핑장사이트(10동),전기시설,상하수도시설,샤워실,화장실",공유누리(행정안전부),Y
camp-gc-001,가곡 유황온천 국민여가캠핑장,일반야영장,일반야영장/자동차야영장/글램핑/카라반,강원,강원특별자치도,삼척시,강원특별자치도 삼척시 가곡면 가곡천로 1512,,,,,,,,고캠핑 전국 야영장 등록현황(한국관광공사),N
camp-31471,맹방 비치캠핑장,일반야영장,일반야영장,강원,강원특별자치도,삼척시,강원도 삼척시 근덕면 하맹방리 산 1-7,37.3878629058664,129.234121418382,삼척시청,기초자치단체,033-820-8850,https://smacheokcmap.quv.kr/home,"일반야영장(44면), 자동차야영장사이트(3면), 글램핑시설(3면),산책로,낚시,해수욕,청소년체험시설,어린이놀이시설",공유누리(행정안전부),Y
camp-31262,병풍바위야영장,자동차야영장,자동차야영장,강원,강원특별자치도,삼척시,강원도 삼척시 산양서원1길 89-0 산양1리마을회관,37.1410349568839,129.280329006333,삼척시청,기초자치단체,033-572-8658,https://www.gocamping.or.kr/bsite/camp/info/read.do?c_no=1360&viewType=read01,"40,전기시설,상하수도시설,샤워실",공유누리(행정안전부),Y
camp-31337,장호비치캠핑장,카라반,카라반,강원,강원특별자치도,삼척시,강원도 삼척시 근덕면 삼척로 2116,37.2845599975936,129.312407676348,삼척시청,기초자치단체,033-576-0884~5,http://www.janghocamping.kr/,"34,전기시설,상하수도시설,샤워실",공유누리(행정안전부),Y
camp-31596,속초국민여가캠핑장,자동차야영장,자동차야영장,강원,강원특별자치도,속초시,강원도 속초시 해오름로 186 (조양동),38.1901488385933,128.603530464425,속초시시설관리공단,지방공기업·출자출연기관,033-633-3171,http://reserve.sokchosiseol.or.kr/homepage/info.jsp,"일반(45면), 카라반(11면),화장실, 취사시설, 샤워실",공유누리(행정안전부),Y
camp-gc-002,속초해변 국민여가 캠핑장,일반야영장,일반야영장/자동차야영장/글램핑/카라반,강원,강원특별자치도,속초시,강원특별자치도 속초시 해오름로 177 (조양동),,,,,,,,고캠핑 전국 야영장 등록현황(한국관광공사),N
camp-31191,국토정중앙천문대야영장,일반야영장,일반야영장,강원,강원특별자치도,양구군,강원도 양구군 남면 국토정중앙로 127,38.0689383071614,128.029676833022,양구군청,기초자치단체,033-480-2586,http://yanggu.ticketplay.zone/portal/index,"일반야영장(38면), 산책로, 개수대, 화장실, 샤워실,",공유누리(행정안전부),Y
camp-31354,지경국민여가캠핑장,자동차야영장,자동차야영장,강원,강원특별자치도,양양군,강원도 양양군 현남면 지경리 24-8,37.9225757870945,128.80102877363,강원도 양양군,광역자치단체,033-671-4568,http://jgcamp.kr/,"16,화장실1,샤워실1",공유누리(행정안전부),Y
camp-gc-003,상동 선바위골 국민여가캠핑장,일반야영장,일반야영장/자동차야영장/글램핑/카라반,강원,강원특별자치도,영월군,강원특별자치도 영월군 상동읍 선바위길 72,,,,,,,,고캠핑 전국 야영장 등록현황(한국관광공사),N
camp-31281,성동힐링센터 휴(休)영월캠프,글램핑,글램핑,강원,강원특별자치도,영월군,강원도 영월군 동강로 1488-23,37.2691307650981,128.526327550226,영월군청,기초자치단체,033-375-8870,https://www.sd.go.kr/reserve/contents.do?key=2170&,"10,계곡 물놀이,청소년체험시설",공유누리(행정안전부),Y
camp-31315,영월 동강오토캠핑장,일반야영장,일반야영장,강원,강원특별자치도,영월군,강원도 영월군 영월읍 둥글바위길 33,37.2022123690093,128.503905847789,영월군청,기초자치단체,070-4213-8188,https://www.gocamping.or.kr/bsite/camp/info/read.do?c_no=2226&viewType=read01,"34,화장실, 샤워실, 개수대",공유누리(행정안전부),Y
camp-31378,펫힐링 달빛동물원 캠핑장,일반야영장,일반야영장,강원,강원특별자치도,영월군,강원도 영월군 남면 나뱅이길 61,37.1719793494061,128.403317685681,영월군청,기초자치단체,033-373-0995,http://moonlightzoo.kr/,"14,동물원, 화장실, 샤워실, 개수대",공유누리(행정안전부),Y
camp-31413,간현관광지 캠핑장,일반야영장,일반야영장,강원,강원특별자치도,원주시,강원도 원주시 지정면 소금산길 26,37.364893353687,127.832545469278,원주시청,기초자치단체,033-731-4088,https://seilplace.rweb.kr/hotel/view/419,"일반야영장(69면),계곡 물놀이, 산책로, 운동장, 강/물놀이, 청소년체험시설",공유누리(행정안전부),Y
camp-gc-004,진동리 국민여가캠핑장 by zapza,일반야영장,일반야영장/자동차야영장/글램핑/카라반,강원,강원특별자치도,인제군,강원특별자치도 인제군 기린면 진동리 618번지,,,,,,,,고캠핑 전국 야영장 등록현황(한국관광공사),N
camp-30948,도사곡자연휴양림 야영장,일반야영장,일반야영장,강원,강원특별자치도,정선군,강원도 정선군 사북읍 사북리 447-15,37.2244832071129,128.792047440598,정선군시설관리공단,지방공기업·출자출연기관,033-560-3456,https://jsimc.or.kr/layout/basic/page/page1/page11.html,"27면,계곡, 화장실, 샤워실, 취사장",공유누리(행정안전부),Y
camp-30950,동강전망휴양림 오토캠핑장,자동차야영장,자동차야영장,강원,강원특별자치도,정선군,강원도 정선군 신동읍 동강로 916-212,37.2596231798626,128.607900180023,정선군시설관리공단,지방공기업·출자출연기관,033-560-3464,https://jsimc.or.kr/layout/basic/page/page1/page09.html,"67면,상하수도,전기,화장실,취사실,샤워실",공유누리(행정안전부),Y
camp-31253,바람하늘공원 야영장,일반야영장,일반야영장,강원,강원특별자치도,정선군,강원도 정선군 화암면 화암동굴길 12-2(어천),37.3499915587359,128.789145562287,정선군시설관리공단,지방공기업·출자출연기관,033-560-3418,https://www.jsimc.or.kr/layout/basic/page/page1/page04.html,"43,화장실, 샤워실, 취사장",공유누리(행정안전부),Y
camp-31300,아우라지관광지,일반야영장,일반야영장,강원,강원특별자치도,정선군,강원도 정선군 여량면 여량리 186-1,37.4756873123939,128.724057502335,정선군시설관리공단,지방공기업·출자출연기관,033-562-9595,https://www.jeongseon.go.kr/tour/jeongseontour/attractions?contentSeq=289&mode=read,"38,화장실, 샤워실",공유누리(행정안전부),Y
camp-31341,정선국민여가캠핑장,일반야영장,일반야영장,강원,강원특별자치도,정선군,강원도 정선군 정선읍 회동리 170,37.4113037742769,128.585478182784,정선군시설관리공단,지방공기업·출자출연기관,033-560-3454,https://www.watchticket.co.kr/html/main/main_hoedong.asp,"52,화장실, 샤워실, 취사장",공유누리(행정안전부),Y
camp-31342,정선군생태체험학습장야영장,일반야영장,일반야영장,강원,강원특별자치도,정선군,강원도 정선군 정선읍 광하리 16,37.3601890269313,128.625048023534,정선군시설관리공단,지방공기업·출자출연기관,033-560-3470,https://jsimc.or.kr/layout/basic/page/page1/page14.html,"52,화장실, 샤워실, 취사장",공유누리(행정안전부),Y
camp-31348,졸드루야영장,일반야영장,일반야영장,강원,강원특별자치도,정선군,강원도 정선군 북평면 졸드루길 31-57,37.4519271432062,128.636709873761,정선군청,기초자치단체,1544-9053,https://www.jeongseon.go.kr/tour/jeongseontour/attractions,"30,화장실, 샤워실",공유누리(행정안전부),Y
camp-31390,항골계곡 야영장,일반야영장,일반야영장,강원,강원특별자치도,정선군,강원도 정선군 북평면 북평리 444,37.473561960293,128.663880879362,정선군청,기초자치단체,010-6370-4431,https://www.gocamping.or.kr/bsite/camp/info/read.do?c_no=3485&viewType=read03,"21,화장실, 샤워실",공유누리(행정안전부),Y
camp-31396,화암약수 야영장,일반야영장,일반야영장,강원,강원특별자치도,정선군,강원도 정선군 화암면 약수길 1300,37.3273754038048,128.784522250714,정선군시설관리공단,지방공기업·출자출연기관,033-560-3413,https://www.watchticket.co.kr/html/main/main_hwaam.asp,"65,화장실, 샤워실, 취사장",공유누리(행정안전부),Y
camp-31296,쉬리마을농어촌관광휴양단지야영장,일반야영장,일반야영장,강원,강원특별자치도,철원군,강원도 철원군 김화읍 호국로 6442,38.2477296903109,127.413902784047,철원군청,기초자치단체,033-458-7200,http://swiripark.com/,"129,상수도, 전기, 화장실, 개수대, 샤워실",공유누리(행정안전부),Y
camp-31361,철원 평화마을 서울캠핑장,자동차야영장,자동차야영장,강원,강원특별자치도,철원군,강원도 철원군 근북면 유곡리 512,38.3012153940902,127.398926959583,서울특별시,광역자치단체,033-455-3904,https://blog.naver.com/seoul_camp/221499418105,"일반(20면), 오토(5면),하수도, 전기, 화장실, 개수대, 샤워실, 운동장, 주차장",공유누리(행정안전부),Y
camp-31395,화강 수변 오토캠핑장,자동차야영장,자동차야영장,강원,강원특별자치도,철원군,강원도 철원군 김화읍 학사리 680,38.2510092039194,127.409402618945,철원군청,기초자치단체,033-458-7200,https://www.gocamping.or.kr/bsite/camp/info/read.do?c_no=3545&viewType=read05,"72,상수도, 전기, 화장실, 개수대, 샤워실",공유누리(행정안전부),Y
camp-gc-005,구곡폭포 국민여가 캠핑장,일반야영장,일반야영장/자동차야영장/글램핑/카라반,강원,강원특별자치도,춘천시,강원특별자치도 춘천시 남산면 강촌구곡길 324,,,,,,,,고캠핑 전국 야영장 등록현황(한국관광공사),N
camp-31258,별 헤는 마을,카라반,카라반,강원,강원특별자치도,춘천시,강원도 춘천시 서면 당림리 280-2,37.8229422456452,127.62557910469,춘천시청,기초자치단체,033-261-3174,http://www.xn--oi2bl1gq7lezgmg408a.kr/,"5,전기시설,상하수도시설,화장실,샤워실",공유누리(행정안전부),Y
camp-gc-006,청평사 국민여가 캠핑장,일반야영장,일반야영장/자동차야영장/글램핑/카라반,강원,강원특별자치도,춘천시,강원특별자치도 춘천시 북산면 오봉산길 630,,,,,,,,고캠핑 전국 야영장 등록현황(한국관광공사),N
camp-31092,태백고원자연휴양림 야영장,일반야영장,일반야영장,강원,강원특별자치도,태백시,강원도 태백시 철암동 머리골길 153,37.1235765388425,129.06038315343,태백시청,기초자치단체,033-582-7238,https://www.foresttrip.go.kr/indvz/main.do?hmpgId=ID02030022,"야영데크(13면),전기시설,화장실(샤워실),취사시설",공유누리(행정안전부),Y
camp-31201,꿈의대화캠핑장,일반야영장,일반야영장,강원,강원특별자치도,평창군,강원도 평창군 대화면 해뜰마을길 49-7,37.5032101514537,128.450721243877,평창군청,기초자치단체,033-334-2277,http://www.꿈의대화캠핑장.kr/contents/main.html,"34면,샤워실,화장실,개수대,족구장,농구장,풋살장",공유누리(행정안전부),Y
camp-gc-007,평창 국민여가캠핑장,일반야영장,일반야영장/자동차야영장/글램핑/카라반,강원,강원특별자치도,평창군,강원특별자치도 평창군 방림면 뇌운계곡로 829,,,,,,,,고캠핑 전국 야영장 등록현황(한국관광공사),N
camp-31377,팔봉산관광지 야영장,자동차야영장,자동차야영장,강원,강원특별자치도,홍천군,강원도 홍천군 서면 한치골길 1122-48,37.701594129998,127.695095178406,홍천군청,기초자치단체,033-430-4281,https://www.hongcheon.go.kr/palbong/index.do,"10,화장실,취사시설,산책로,수상레저,어린이놀이시설",공유누리(행정안전부),Y
camp-31393,홍천강 오토캠핑장,자동차야영장,자동차야영장,강원,강원특별자치도,홍천군,강원도 홍천군 북방면 굴지강변로 322,37.6902817115058,127.787233263755,홍천군청,기초자치단체,033-430-2498,https://www.hongcheon.go.kr/tour/contents.do?key=1884,"10,화장실,취사시설,",공유누리(행정안전부),Y
camp-31394,홍천강 자라바위 오토캠핑장,자동차야영장,자동차야영장,강원,강원특별자치도,홍천군,강원도 홍천군 서면 팔봉산로 857,37.6884606943286,127.685237911411,홍천군청,기초자치단체,033-430-2497,https://www.hongcheon.go.kr/tour/contents.do?key=1886,"53면,등산로, 놀이터",공유누리(행정안전부),Y
camp-31238,돌집야영장,자동차야영장,자동차야영장,강원,강원특별자치도,화천군,강원도 화천군 간동면 춘양로 777-9,38.0226318121843,127.805881550525,화천군청,기초자치단체,033-442-0072,https://www.gocamping.or.kr/bsite/camp/info/read.do?c_no=859&viewType=read01,"7,개수대1동,화장실2동,샤워실2동",공유누리(행정안전부),Y
camp-gc-008,만산동 국민여가 캠핑장,일반야영장,일반야영장/자동차야영장/글램핑/카라반,강원,강원특별자치도,화천군,강원특별자치도 화천군 상서면 구운리 1174,,,,,,,,고캠핑 전국 야영장 등록현황(한국관광공사),N
camp-31600,평화의댐 오토캠핑장,자동차야영장,자동차야영장,강원,강원특별자치도,화천군,강원도 화천군 화천읍 비수구미길 145-145,38.2065287349941,127.850106777323,화천군청,기초자치단체,033-440-4533,http://eco-school.ihc.go.kr/hb/camp/sub01_01_01,"야영데크(28면), 쇄석(22면),화장실, 샤워실",공유누리(행정안전부),Y
camp-31399,화천에코스쿨 생태체험장,자동차야영장,자동차야영장,강원,강원특별자치도,화천군,강원도 화천군 화천읍 동촌리 2421번지,38.1572309398535,127.859568679942,화천군청,기초자치단체,033-440-2318,http://eco-school.ihc.go.kr/hb/camp/sub01_01_02,"야영데크(19면), 생태체험장, 정수기, 화장실, 샤워장",공유누리(행정안전부),Y
camp-gc-009,솔밭체육공원오토캠핑장,일반야영장,일반야영장/자동차야영장/글램핑/카라반,강원,강원특별자치도,횡성군,강원특별자치도 횡성군 공근면 도곡로14번길 61,,,,,,,,고캠핑 전국 야영장 등록현황(한국관광공사),N
camp-31405,횡성 별빛마을 서울캠핑장,자동차야영장,자동차야영장,강원,강원특별자치도,횡성군,강원도 횡성군 강림면 주천강로 488,37.3496761015525,128.158094055337,서울특별시청,광역자치단체,033-342-4586,https://blog.naver.com/seoul_camp/221498996186,"일반(20면),계곡 물놀이, 주차장",공유누리(행정안전부),Y
camp-31073,주작산자연휴양림 야영장,일반야영장,일반야영장,광주전남,전남광주통합특별시,강진군,전남광주통합특별시 강진군 신전면 주작산길 262,34.5172938372484,126.698928345477,강진군청,기초자치단체,061-430-3306,https://www.foresttrip.go.kr/indvz/main.do?hmpgId=ID02030060,"야영데크(10면),계곡,산책로, 샤워장",공유누리(행정안전부),Y
camp-31367,청자촌 오토캠핑장,카라반,카라반,광주전남,전남광주통합특별시,강진군,전남광주통합특별시 강진군 대구면 청자촌길 42-5,34.5074848108347,126.803502244148,강진군청,기초자치단체,061-434-9939,http://gjcamping.co/,"카라반 56개,산책로, 수영장, 운동시설, 어린이 놀이터 등",공유누리(행정안전부),Y
camp-31101,팔영산자연휴양림 야영장,일반야영장,일반야영장,광주전남,전남광주통합특별시,고흥군,전남광주통합특별시 고흥군 영남면 팔영로 1347-418,34.6213312685923,127.440137082806,고흥군청,기초자치단체,061-830-5430,https://www.foresttrip.go.kr/indvz/main.do?hmpgId=ID02030069,"야영데크(7면), 파고라(2동),화장실, 취사시설",공유누리(행정안전부),Y
camp-gc-016,광산구 국민여가 친환경 오토캠핑장,일반야영장,일반야영장/자동차야영장/글램핑/카라반,광주전남,전남광주통합특별시,광산구,광주광역시 광산구 탑동길 345 (지산동),,,,,,,,고캠핑 전국 야영장 등록현황(한국관광공사),N
camp-30830,광양백운산자연휴양림 야영장,카라반,카라반,광주전남,전남광주통합특별시,광양시,전남광주통합특별시 광양시 옥룡면 백계로 337,35.0516442275016,127.598529150769,광양시청,기초자치단체,061-797-2655,https://www.foresttrip.go.kr/indvz/main.do?hmpgId=ID02030061,"카라반(8동),생태숲, 목재문화체험장, 황토길, 산책로, 운동장",공유누리(행정안전부),Y
camp-gc-019,백운제 농어촌테마공원 자동차 야영장,일반야영장,일반야영장/자동차야영장/글램핑/카라반,광주전남,전남광주통합특별시,광양시,전라남도 광양시 봉강면 지곡길 212,,,,,,,,고캠핑 전국 야영장 등록현황(한국관광공사),N
camp-31434,나주박물관 야외체험장,일반야영장,일반야영장,광주전남,전남광주통합특별시,나주시,전남광주통합특별시 나주시 반남면 신촌리 277,34.9156939113134,126.657645405741,나주시청,기초자치단체,061-330-7804,https://naju.museum.go.kr/html/kr/,",",공유누리(행정안전부),Y
camp-31533,영산강 승촌보캠핑장,일반야영장,일반야영장,광주전남,전남광주통합특별시,남구,전남광주통합특별시  남구 승촌동 577,35.0652532625051,126.760854845473,광주남구청,기초자치단체,061-333-9638,https://camp.xticket.kr/web/main?shopEncode=a1535c44b7b5b3ab38fd902f0c58f8600f1a57e45999ac4b1a7b8c321f1d2df5,"캠핑장데크(53면),전기,온수,놀이터,산책로",공유누리(행정안전부),Y
camp-31244,무안황토갯벌랜드 오토캠핑장,자동차야영장,자동차야영장,광주전남,전남광주통합특별시,무안군,전남광주통합특별시 무안군 해제면 만송로 36,35.1019282532193,126.333510615049,무안군청,기초자치단체,061-450-5636,https://www.muan.go.kr/getbol/camping_ground/facilities_guide/camping_ground,"37,상.하수도, 전기, 화장실, 샤워실",공유누리(행정안전부),Y
camp-31403,회산백련지 오토캠핑장,카라반,카라반,광주전남,전남광주통합특별시,무안군,전남광주통합특별시 무안군 일로읍 백련로 333,34.8600888592086,126.5298980948,무안군청,기초자치단체,061-283-1325,https://www.muan.go.kr/lotus,"20,상.하수도, 전기, 화장실, 취사시설, 샤워실",공유누리(행정안전부),Y
camp-31067,제암산자연휴양림 야영장,일반야영장,일반야영장,광주전남,전남광주통합특별시,보성군,전남광주통합특별시 보성군 웅치면 대산길 330,34.7005044506699,126.985507239988,보성군청,기초자치단체,061-852-4434,https://www.foresttrip.go.kr/indvz/main.do?hmpgId=ID02030090,"야영데크(57면),물놀이터, 숲속교육관, 족구장,모험시설, 잔디광장",공유누리(행정안전부),Y
camp-31601,광주시민의 숲 야영장,일반야영장,일반야영장,광주전남,전남광주통합특별시,북구,전남광주통합특별시 북구 월출동 968번지,35.2340462989893,126.867098626959,광주북구청,기초자치단체,062-613-6467,https://www.gwangju.go.kr/envi/contentsView.do?pageId=envi42,"일반야영장(38면),어린이놀이시설",공유누리(행정안전부),Y
camp-31295,순천국민여가캠핑장,일반야영장,일반야영장,광주전남,전남광주통합특별시,순천시,전남광주통합특별시 순천시 서면 청소년수련원길 170,35.0438824466924,127.4744953028,순천시청,기초자치단체,061-749-8948,https://www.foresttrip.go.kr/indvz/main.do?hmpgId=ID02030058,"22,강/물놀이,수영장,농어촌체험시설",공유누리(행정안전부),Y
camp-31026,순천자연휴양림 야영장,일반야영장,일반야영장,광주전남,전남광주통합특별시,순천시,전남광주통합특별시 순천시 서면 청소년수련원길 170,35.0438824466924,127.4744953028,순천시청,기초자치단체,061-749-8950,https://www.foresttrip.go.kr/indvz/main.do?hmpgId=ID02030058,"노지(19면),야외수영장, 다목적실, 식당",공유누리(행정안전부),Y
camp-31350,주암 오토캠핑장,자동차야영장,자동차야영장,광주전남,전남광주통합특별시,순천시,전남광주통합특별시 순천시 주암면 구산강변길 22,35.0698618425535,127.237927163709,순천시청,기초자치단체,061-752-6661,http://sjcamping.co.kr/main/,"40,샤워장, 개수대, 화장실 등",공유누리(행정안전부),Y
camp-31028,신안자연휴양림 캠핑장,일반야영장,일반야영장,광주전남,전남광주통합특별시,신안군,전남광주통합특별시 신안군 자은면 자은서부2길 508-77,34.8797156936462,125.995472381426,신안군청,기초자치단체,061-240-3262,,"노지(15면), 카라반(2면),잔디광장, 테마공원, 수석정원, 뮤지엄파크, 휴게데크, 조개박물관, 식물원",공유누리(행정안전부),Y
camp-30979,봉황산자연휴양림 야영장,일반야영장,일반야영장,광주전남,전남광주통합특별시,여수,전남광주통합특별시 여수 돌산 대복길 160,34.6147023710522,127.761799891216,여수시도시관리공단,지방공기업·출자출연기관,061-643-9180,https://www.foresttrip.go.kr/indvz/main.do?hmpgId=ID02030097,"야영데크(24면),세미나실, 산책로",공유누리(행정안전부),Y
camp-31306,여수굴전여가캠핑장,일반야영장,일반야영장,광주전남,전남광주통합특별시,여수시,전남광주통합특별시 여수시 돌산읍 돌산로 3017-15,34.6923861765461,127.764986118721,여수시청,기초자치단체,1588-3896,http://yeosucamping.co.kr,"대형6개면, 중형16개면, 캠핑카형2개면,산책로,운동장",공유누리(행정안전부),Y
camp-31324,웅천친수공원 야영장,일반야영장,일반야영장,광주전남,전남광주통합특별시,여수시,전남광주통합특별시 여수시 웅천동 1692,34.7471658478015,127.66828388205,여수시청,기초자치단체,061-685-3314,http://ok.yeosu.go.kr/ok/stay/woongcheon/reservation/page.ok,"데크45개면, 노지24개면,산책로,해수욕",공유누리(행정안전부),Y
camp-31165,가마미야영장,일반야영장,일반야영장,광주전남,전남광주통합특별시,영광군,전남광주통합특별시 영광군 홍농읍 계마길 120,35.3966094378935,126.407765065895,영광군청,기초자치단체,"061-350-5413, 356-1020",http://www.gamamibeach.co.kr/,"텐트(42면),야영데크, 해수욕, 워터파크, 샤워장",공유누리(행정안전부),Y
camp-31409,F1 오토캠핑장,일반야영장,일반야영장,광주전남,전남광주통합특별시,영암군,전남광주통합특별시 영암군 삼호읍 삼포리 1894,34.7303509056001,126.417549531497,영암군청,기초자치단체,070-4227-7788,https://www.koreacircuit.kr:442/web,"자동차야영장사이트(40면), 카라반(6면),",공유누리(행정안전부),Y
camp-gc-020,영암군 국민여가 캠핑장,일반야영장,일반야영장/자동차야영장/글램핑/카라반,광주전남,전남광주통합특별시,영암군,전라남도 영암군 영암읍 회문리 산 1번지,,,,,,,,고캠핑 전국 야영장 등록현황(한국관광공사),N
camp-31392,홍길동테마파크 야영장,일반야영장,일반야영장,광주전남,전남광주통합특별시,장성군,전남광주통합특별시 장성군 황룡면 홍길동로 431,35.3186207091425,126.726557828707,장성군청,기초자치단체,061-394-7274,https://www.jangseong.go.kr/home/honggildong,"데크 대형 20개(약7m*4.3m), 소형 5개(약7m*3.5m),야외집회장 300㎡, 대피소 1동, 취사장 5동, 세면장 4동, 화장실 3동, 대여용 비품(스크린)",공유누리(행정안전부),Y
camp-gc-021,정남진리조트 국민여가캠핑장,일반야영장,일반야영장/자동차야영장/글램핑/카라반,광주전남,전남광주통합특별시,장흥군,전라남도 장흥군 부산면 심천공원길 25-27,,,,,,,,고캠핑 전국 야영장 등록현황(한국관광공사),N
camp-31355,진도풍경오토캠핑장,일반야영장,일반야영장,광주전남,전남광주통합특별시,진도군,전남광주통합특별시 진도군 의신면 의신사천길 15-21,34.4655656827971,126.294452328707,진도군청,기초자치단체,061-543-2002,https://www.jindo.go.kr/sambyeolcho/sub/0202.php,"일반(22면),공동취사장, 공중샤워장, 산림욕장",공유누리(행정안전부),Y
camp-31561,함평나비마을 서울캠핑장,자동차야영장,자동차야영장,광주전남,전남광주통합특별시,함평군,전남광주통합특별시 함평군 함평읍 함장로 730,35.0387639839859,126.488425151881,서울특별시청,광역자치단체,061-324-6251,https://blog.naver.com/seoul_camp/221494081147,"가족캠핑장(자동차야영장 20면),산책로,낚시,해수욕,수영장,청소년체험시설,농어촌체험시설",공유누리(행정안전부),Y
camp-31463,땅끝오토캠핑장,일반야영장,일반야영장,광주전남,전남광주통합특별시,해남군,전남광주통합특별시 해남군 송지면 갈산길 25-15,34.3094904882346,126.521068963475,해남군청,기초자치단체,061-534-0830,https://autocamp.haenam.go.kr/main/index.html,"자동차야영장사이트(46면), 카라반(16면), 개인카라반사이트(4면),취사시설1동,화장실2동,샤워장2동,음수대3,테이블,바베큐장",공유누리(행정안전부),Y
camp-31465,땅끝황토나라테마촌,일반야영장,일반야영장,광주전남,전남광주통합특별시,해남군,전남광주통합특별시 해남군 송지면 땅끝해안로 1730,34.3210534850907,126.518672051136,해남군청,기초자치단체,061-533-9822,https://www.hwangtocamping.com/main/index.html,"객실 16개,산책로,운동장,농어촌체험시설",공유누리(행정안전부),Y
camp-31115,흑석산자연휴양림 야영장,일반야영장,일반야영장,광주전남,전남광주통합특별시,해남군,전남광주통합특별시 해남군 계곡면 산골길 306,34.6709346791467,126.616996672633,해남군청,기초자치단체,061-530-5738,https://www.foresttrip.go.kr/indvz/main.do?hmpgId=ID02030045,"야영데크(13면),숲속의집(객식), 유아숲체험원, 족욕장, 수변쉼터 등",공유누리(행정안전부),Y
camp-31318,오류캠핑장,카라반,카라반,대구경북,경상북도,경주시,경상북도 경주시 감포읍 감포로 382-7,35.8211119929113,129.508559346661,경주시시설관리공단,지방공기업·출자출연기관,054-750-8600,https://camping.gyeongju.go.kr/index.jsp,"28,놀이터, 세척장",공유누리(행정안전부),Y
camp-31227,대가야농촌문화체험특구 캠핑장,일반야영장,일반야영장,대구경북,경상북도,고령군,경상북도 고령군 대가야읍 신남로 61,35.7121608914981,128.265211880325,고령군청,기초자치단체,054-954-5279,https://www.gocamping.or.kr/bsite/camp/info/read.do?c_no=6768&viewType=read01,"일반야영장(96면),관리동, 음식점, 화장실",공유누리(행정안전부),Y
camp-31228,대가야역사테마관광지 캠핑장,일반야영장,일반야영장,대구경북,경상북도,고령군,경상북도 고령군 고령읍 대가야로 1216,35.7200822547337,128.259677049373,고령군청,기초자치단체,054-950-7005,https://www.gocamping.or.kr/bsite/camp/info/read.do?c_no=719&viewType=read01,"25,화장실, 취사실, 샤워실",공유누리(행정안전부),Y
camp-31265,부례관광지,카라반,카라반,대구경북,경상북도,고령군,경상북도 고령군 우곡면 우곡강변길 672,35.6721568755329,128.359528908316,고령군청,기초자치단체,054-955-2332,https://www.gocamping.or.kr/bsite/camp/info/read.do?c_no=1396&viewType=read01,"18,화장실, 취사실, 샤워실",공유누리(행정안전부),Y
camp-31188,구미 캠핑장,자동차야영장,자동차야영장,대구경북,경상북도,구미시,경상북도 구미시 낙동제방길 200,36.1311332154872,128.368069007348,구미시설공단,지방공기업·출자출연기관,054-480-2184,https://camp.xticket.kr/web/main?shopEncode=55479e903d91d14dafe6e066016dfb02a001845c0efdbeec73a14670384a028d,"자동차(77면),산책로, 샤워장, 체육시설, 다목적광장, 매점, 화장실",공유누리(행정안전부),Y
camp-31195,금오산 야영장,일반야영장,일반야영장,대구경북,경상북도,구미시,구미시 남통동 산147번지 외12필지,36.108123,128.316921,금오산야영장관리사무소,기초자치단체,"054-480-4631, 4606",www.gumi.go.kr/tour,"116면,족구장2면, 물놀이장",공유누리(행정안전부),Y
camp-31042,옥성자연휴양림 야영장,일반야영장,일반야영장,대구경북,경상북도,구미시,경상북도 구미시 옥성면 휴양림길 150,36.2790723157595,128.284427328615,구미시설관리공단,지방공기업·출자출연기관,054-481-4052,https://www.foresttrip.go.kr/indvz/main.do?hmpgId=ID02030066,"야영데크(64면),상하수도시설,샤워실,화장실",공유누리(행정안전부),Y
camp-31192,군위전투전승기념공원캠핑장,일반야영장,일반야영장,대구경북,경상북도,군위군,경상북도 군위군 삼국유사면 동부로 81,36.1104811315634,128.749180612416,군위군청,기초자치단체,054-383-7509,https://www.gunwi.go.kr/peace/index.do,"20면,야영데크, 글램핑, 기념공원",공유누리(행정안전부),Y
camp-31327,위천수변 테마파크,자동차야영장,자동차야영장,대구경북,경상북도,군위군,경상북도 군위군 효령면 간동유원지길 8,36.1757989596743,128.586465461838,군위군청,기초자치단체,054-380-7354,http://wcpark.gunwi.go.kr/page/reservation,"38면,야영사이트, 산책로, 공원",공유누리(행정안전부),Y
camp-31200,김천부항댐 산내들 오토캠핑장,일반야영장,일반야영장,대구경북,경상북도,김천시,경상북도 김천시 지례면 부항댐길 50,35.9779663027106,128.011863948746,김천시청,기초자치단체,054-431-2011,https://www.gc.go.kr/sannaedeul/main.do,"자동차(52면),전기시설, 상하수도시설, 샤워실, 산책로, 체육시설",공유누리(행정안전부),Y
camp-31353,증산수도계곡캠핑장,일반야영장,일반야영장,대구경북,경상북도,김천시,김천시 증산면 수도길 25,35.8988732237797,128.020721766738,김천시청,기초자치단체,054-434-2565,https://www.gc.go.kr/sudo/main.do,"일반(27면),전기시설,상하수도시설,샤워실",공유누리(행정안전부),Y
camp-31213,단산모노레일오토캠핑장,일반야영장,일반야영장,대구경북,경상북도,문경시,경상북도 문경시 활공장길 106,36.7368781481397,128.158313459676,문경관광진흥공단,지방공기업·출자출연기관,054-572-7273,https://www.mgtpcr.or.kr/web/page.do?menuIdx=573,"야영장 16면,단산모노레일, 레일썰매장, 모험(챌린지)시설, 별빛전망대",공유누리(행정안전부),Y
camp-31214,단산숲속캠핑장,일반야영장,일반야영장,대구경북,경상북도,문경시,경상북도 문경시 문경읍 활공장길 585,36.7302869436844,128.17420753616,문경관광진흥공단,지방공기업·출자출연기관,054-572-7273,https://www.mgtpcr.or.kr/web/monorailList.do?menuIdx=578#loadPosition,"일반야영장 16면,",공유누리(행정안전부),Y
camp-31248,문경새재국민여가캠핑장,일반야영장,일반야영장,대구경북,경상북도,문경시,경상북도 문경시 문경읍 새재1길 47,36.7548991678827,128.075375728531,문경관광진흥공단,지방공기업·출자출연기관,054-572-3762,https://www.mgtpcr.or.kr/web/page.do?menuIdx=357,"야영장 10면,스머프동, 이글루동, 놀이터, 바비큐실",공유누리(행정안전부),Y
camp-31247,문경새재국민여가캠핑장,카라반,카라반,대구경북,경상북도,문경시,경상북도 문경시 문경읍 새재1길 47,36.7548991678827,128.075375728531,문경관광진흥공단,지방공기업·출자출연기관,054-572-3762,https://www.mgtpcr.or.kr/web/page.do?menuIdx=357,"카라반 3동,스머프동, 이글루동, 놀이터, 바비큐실",공유누리(행정안전부),Y
camp-30985,불정자연휴양림 야영장,카라반,카라반,대구경북,경상북도,문경시,경상북도 문경시 불정길 180,36.6212820708846,128.136507432444,문경관광진흥공단,지방공기업·출자출연기관,054-552-9443,https://www.mgtpcr.or.kr/web/page.do?menuIdx=371,"카라반(14동),산책로, 물놀이장, 전망대, 야생화단지",공유누리(행정안전부),Y
camp-30964,문수산자연휴양림 야영장,일반야영장,일반야영장,대구경북,경상북도,봉화군,경상북도 봉화군 봉성면 시거리길 378,36.9451307056498,128.832514651022,봉화군청,기초자치단체,054-634-3700,https://www.foresttrip.go.kr/indvz/main.do?hmpgId=ID02030102,"야영데크(12면),산림휴양관, 묵상의집, 숲속의집, 야영데크",공유누리(행정안전부),Y
camp-31568,봉화 솔향가득 서울캠핑장,일반야영장,일반야영장,대구경북,경상북도,봉화군,경상북도 봉화군 소천면 홍점길 31,36.9783580428931,129.003351136651,서울특별시,광역자치단체,054-673-3923,https://blog.naver.com/seoul_camp/221494118588,"일반(20면),샤워실, 화장실, 취사장",공유누리(행정안전부),Y
camp-31502,석문 오토캠핑장,자동차야영장,자동차야영장,대구경북,경상북도,봉화군,경상북도 봉화군 춘양면 애당리 631,37.0138111876138,128.876037341692,봉화군청,기초자치단체,054-679-6114,https://www.bonghwa.go.kr/open.content/tour/,"일반야영장(25면),계곡 물놀이",공유누리(행정안전부),Y
camp-31364,청량산캠핑장,일반야영장,일반야영장,대구경북,경상북도,봉화군,경상북도 봉화군 명호면 관창리 1726-1,36.7871487341733,128.891647492813,봉화군청,기초자치단체,054-674-3381,https://www.bonghwa.go.kr/open.content/camp/,"카라반 7동, 데크14면,화장실, 샤워실, 개수대, 취사장",공유누리(행정안전부),Y
camp-31579,문장대 야영장(상오지구),일반야영장,일반야영장,대구경북,경상북도,상주시,경상북도 상주시 화북면 상오리 571-1,36.5434208427988,127.922049059606,상주시청,기초자치단체,010-9430-9038,https://www.sangju.go.kr/tour/sights/detail.tc?mn=4033&pageSeq=2898&paramIdx=327&protocol=http,"12면,샤워장,화장실,게이트볼장,폭포,솔밭산책로,체육공원",공유누리(행정안전부),Y
camp-31578,문장대 야영장(용유지구),일반야영장,일반야영장,대구경북,경상북도,상주시,경상북도 상주시 화북면 용유리 340-8,36.5581903141665,127.922282836535,상주시청,기초자치단체,010-4032-2777,https://www.sangju.go.kr/tour/sights/detail.tc?mn=4033&pageSeq=2898&paramIdx=327&protocol=http,"17면,샤워장,화장실,족구장(농구장),풋살장,야외무대,폭포,솔밭산책로,체육공원",공유누리(행정안전부),Y
camp-31250,문장대오토캠핑장,일반야영장,일반야영장,대구경북,경상북도,상주시,경상북도 상주시 화북면 상오리 573-4,36.5441356,127.9247206,상주시청,기초자치단체,054-533-1165,https://www.mjdcamp.kr:455/,"23면,관리사무소,화장실,샤워실",공유누리(행정안전부),Y
camp-31569,상주 감꽃마을 서울캠핑장,일반야영장,일반야영장,대구경북,경상북도,상주시,경상북도 상주시 선상서로 1587,36.330114621932,128.213481966155,서울특별시,광역자치단체,054-535-8914,https://blog.naver.com/seoul_camp/221494122059,"일반(20면),샤워실, 화장실, 취사장",공유누리(행정안전부),Y
camp-30997,상주 성주봉자연휴양림 야영장,일반야영장,일반야영장,대구경북,경상북도,상주시,경상북도 상주시 은척면 성주봉로 3,36.5335975541298,128.040757747721,상주군청,기초자치단체,054-541-6512,https://www.foresttrip.go.kr/indvz/main.do?hmpgId=ID02030039,"야영데크(55면),물놀이장, 족구장, 세마나실, 식당, 매정",공유누리(행정안전부),Y
camp-31273,상주보 오토캠핑장,자동차야영장,자동차야영장,대구경북,경상북도,상주시,경상북도 상주시 도남동 120-4,36.4492647496262,128.257376748504,상주시청,기초자치단체,054-500-7003,http://seksj.co.kr/,"60면,샤워장,화장실,개수대",공유누리(행정안전부),Y
camp-31193,금수문화공원 야영장,자동차야영장,자동차야영장,대구경북,경상북도,성주군,경상북도 성주군 금수면 무학리 47,35.9201474448441,128.122213485214,성주군청,기초자치단체,054-932-1456,https://www.sj.go.kr/gumsu/main.do,"26면,샤워장,개수대,전기,계곡,관리사무소",공유누리(행정안전부),Y
camp-31207,남작골농촌체험마을야영장,일반야영장,일반야영장,대구경북,경상북도,성주군,경상북도 성주군 수륜면 보월로 8-23,35.8036361365316,128.270566138994,성주군청,기초자치단체,054-930-6373,https://sori114.com/sori/board.php?board=acc&command=body&no=38427,"15면,수영장,풋살장,샤워장,개수대,관리사무소",공유누리(행정안전부),Y
camp-31215,단호샌드파크캠핑장,자동차야영장,자동차야영장,대구경북,경상북도,안동시,경상북도 안동시 남후면 단호리 76-3,36.5557734436432,128.63031847286,안동시시설관리공단,지방공기업·출자출연기관,054-850-4595,https://www.danhosand.or.kr:1002/coding/sub4/sub2.asp,"2,다목적구장,농구장,어린이놀이시설 등",공유누리(행정안전부),Y
camp-31030,안동계명산자연휴양림 야영장,일반야영장,일반야영장,대구경북,경상북도,안동시,경상북도 안동시 길안면 고란길 207-99,36.4101204613848,128.946513363131,안동시시설관리공단,지방공기업·출자출연기관,054-850-4700,https://www.foresttrip.go.kr/indvz/main.do?hmpgId=ID02030029,"야영데크(10면),산책로, 물놀이장, 대강당",공유누리(행정안전부),Y
camp-31311,영덕 고래불 국민 야영장,카라반,카라반,대구경북,경상북도,영덕군,경상북도 영덕군 병곡면 고래불로 12,36.5675496296644,129.423327746876,영덕군청,기초자치단체,054-734-7880,http://stay.yd.go.kr/,"카라반 사이트 25동,수상레저,낚시,해수욕,샤워장,취사장",공유누리(행정안전부),Y
camp-31314,영덕 해맞이 캠핑장,카라반,카라반,대구경북,경상북도,영덕군,경상북도 영덕군 영덕읍 해맞이길 254-69,36.4179935045404,129.420286340683,영덕군청,기초자치단체,054-730-7023,http://stay.yd.go.kr/,"캡슐하우스 10동,휴양시설, 쉼터(야외데크)",공유누리(행정안전부),Y
camp-31277,생태공원사업소 캠핑장,일반야영장,일반야영장,대구경북,경상북도,영양군,경상북도 영양군 수비면 수하리 240,36.8377412599802,129.271166578838,영양군청,기초자치단체,054-680-5325,https://www.yyg.go.kr/np/camping,"37사이트,계곡, 테니스장, 족구장, 천문대 등",공유누리(행정안전부),Y
camp-31261,별빛야영장,자동차야영장,자동차야영장,대구경북,경상북도,영천시,경상북도 영천시 화북면 정각리 산206-1,36.1407156131881,128.995465874133,영천시 시설관리공단,지방공기업·출자출연기관,054-330-2764,https://tickets.interpark.com/goods/18012813,"30면,전기시설,상하수도시설,샤워실",공유누리(행정안전부),Y
camp-31260,별빛야영장,글램핑,글램핑,대구경북,경상북도,영천시,경상북도 영천시 화북면 정각리 695,36.1406672021995,128.998109168969,영천시 시설관리공단,지방공기업·출자출연기관,054-330-2764,https://tickets.interpark.com/goods/18012813,"7동,전기시설,상하수도시설,샤워실",공유누리(행정안전부),Y
camp-30976,보현산자연휴양림 야영장,일반야영장,일반야영장,대구경북,경상북도,영천시,경상북도 영천시 화북면 배나무정길 334,36.1416418514873,128.978627527783,영천시청,기초자치단체,054-336-6618,https://www.foresttrip.go.kr/indvz/main.do?hmpgId=ID02030105,"24면,세미나실, 하늘광장, 다목적구장, 출렁다리, 산책로, 놀이터",공유누리(행정안전부),Y
camp-31056,운주산승마자연휴양림 야영장,일반야영장,일반야영장,대구경북,경상북도,영천시,경상북도 영천시 임고면 승마휴양림길 105,36.0351031079953,128.996734598345,영천시시설관리공단,지방공기업·출자출연기관,054-330-2770,https://www.foresttrip.go.kr/indvz/main.do?hmpgId=ID02030081,"야영데크(10면),다목적구장, 물놀이장, 포레스트캠프장, 세미나실",공유누리(행정안전부),Y
camp-31371,치산 관광지 캠핑장,카라반,카라반,대구경북,경상북도,영천시,경상북도 영천시 신녕면 치산관광길 263,36.0491430346908,128.712808386993,영천시 시설관리공단,지방공기업·출자출연기관,054-330-2765,http://ticket.interpark.com/Ticket/Goods/GoodsInfo.asp?GoodsCode=20010339,"카라반(23대), 캐빈하우스(5동),상하수도, 전기, 샤워실, 취사",공유누리(행정안전부),Y
camp-31271,삼강나루캠핑장,자동차야영장,자동차야영장,대구경북,경상북도,예천군,경상북도 예천군 풍양면 삼강리길 47-14,36.5643444091036,128.300739830431,예천군청,기초자치단체,054-652-5554,삼강나루캠핑장.kr,"사이트(20면), 펜션동(10면),산책로, 분수대",공유누리(행정안전부),Y
camp-31317,예천군 곤충나라 사과테마파크 오토캠핑장,일반야영장,일반야영장,대구경북,경상북도,예천군,경상북도 예천군 효자면 제촌길 58-2,36.8029800518273,128.453843277804,예천군청,기초자치단체,054-650-6295,https://www.ycg.kr/open.content/ko/section/agriculture/apple.park/camping/,"데크(16면), 자갈(5면),산책로,강/물놀이",공유누리(행정안전부),Y
camp-gc-014,울릉군국민여가캠핑장,일반야영장,일반야영장/자동차야영장/글램핑/카라반,대구경북,경상북도,울릉군,경상북도 울릉군 서면 울릉순환로 1580,,,,,,,,고캠핑 전국 야영장 등록현황(한국관광공사),N
camp-31387,학포야영장,일반야영장,일반야영장,대구경북,경상북도,울릉군,경상북도 울릉군 서면 학포길 133-11,37.5035661168993,130.806384910682,울릉군청,기초자치단체,054-791-3338,http://ulleung.go.kr/tour/page.htm?mnu_uid=2085&,"12면,취사장, 주차장",공유누리(행정안전부),Y
camp-30838,구수곡자연휴양림 야영장,일반야영장,일반야영장,대구경북,경상북도,울진군,경상북도 울진군 북면 십이령로 2721,37.0621216154365,129.292927933864,울진군청,기초자치단체,054-783-2241,https://www.foresttrip.go.kr/indvz/main.do?hmpgId=ID02030073,"40면,야영장, 물놀이장",공유누리(행정안전부),Y
camp-31179,고운마을캠핑장,자동차야영장,자동차야영장,대구경북,경상북도,의성군,경상북도 의성군 단촌면 고운사길 203-21,36.4611805052885,128.724616493458,의성군청,기초자치단체,054-833-2446,http://www.gowoon.or.kr/sub6_1.html,"자동차(25면),다목적교실, 공방",공유누리(행정안전부),Y
camp-31328,의성펫월드 오토캠핑장,자동차야영장,자동차야영장,대구경북,경상북도,의성군,경상북도 의성군 단북면 안계길 255-13,36.3921849378358,128.427291455337,의성군청,기초자치단체,054-830-6616,https://www.usc.go.kr/petworld/main.tc,"134.41,",공유누리(행정안전부),Y
camp-31322,운문산군립공원 소머리 야영장,일반야영장,일반야영장,대구경북,경상북도,청도군,경상북도 청도군 운문면 신원리 2087,35.6753307688401,128.955477503711,청도군청,기초자치단체,010-2565-8837,https://www.gocamping.or.kr/bsite/camp/info/read.do?c_no=2439&viewType=read01,"112,낚시,강/물놀이",공유누리(행정안전부),Y
camp-31362,청도신화랑 풍류마을 오토캠핑장,자동차야영장,자동차야영장,대구경북,경상북도,청도군,경상북도 청도군 운문면 신화랑길 1,35.7180764534814,128.92230743785,청도우리정신문화재단,지방공기업·출자출연기관,054-370-7300,http://cdws.or.kr/open.content/hwarang/facilities/camp/,"오토(43면), 화장실,샤워실,개수대",공유누리(행정안전부),Y
camp-31168,가산산성 야영장,일반야영장,일반야영장,대구경북,경상북도,칠곡군,경상북도 칠곡군 동명면 한티로 1034,36.0161981021863,128.618106455606,팔공산도립공원관리사무소,기초자치단체,054-880-8300,https://camping.gb.go.kr/main.php,"텐트(200면),야영장 주차장 취사장 급수장",공유누리(행정안전부),Y
camp-31021,송정자연휴양림 야영장,일반야영장,일반야영장,대구경북,경상북도,칠곡군,경상북도 칠곡군 석적읍 반계3길 88,36.0233340443059,128.441641314903,칠곡군청,기초자치단체,054-979-6066,https://www.foresttrip.go.kr/indvz/main.do?hmpgId=ID02030076,"야영데크(60면),물놀이장, 바비규장, 피크닉장",공유누리(행정안전부),Y
camp-31372,칠곡보 오토캠핑장,자동차야영장,자동차야영장,대구경북,경상북도,칠곡군,경상북도 칠곡군 약목면 강변서로 110-43,36.0205893428226,128.394567851472,칠곡군청,기초자치단체,054-974-9772,https://camp.xticket.kr/web/main?shopEncode=3b8dfd4fe83ef398626319d169929b5df473aafca57da427af869db901ce8b86,"캠핑장 99면,실내개수대, 화장실, 샤워장 등",공유누리(행정안전부),Y
camp-31098,팔공산금화자연휴양림 야영장,일반야영장,일반야영장,대구경북,경상북도,칠곡군,경상북도 칠곡군 가산면 가산로 323,36.0517189948301,128.555351157066,경상북도산림자원개발원,지방공기업·출자출연기관,054-971-1551,https://www.foresttrip.go.kr/indvz/main.do?hmpgId=ID02030006,"야영데크(17면),다목적구장, 어린이놀이터, 강당",공유누리(행정안전부),Y
camp-30992,비학산자연휴양림 야영장,일반야영장,일반야영장,대구경북,경상북도,포항시,경상북도 포항시 북구 기북면 비학산길 302,36.1470350841351,129.211106941883,포항시청,기초자치단체,054-252-3275,https://www.foresttrip.go.kr/indvz/main.do?hmpgId=ID02030052,"6면,산림휴양관, 숲속의 집, 테라스하우스, 카라반, 야외데크, 생태숲",공유누리(행정안전부),Y
camp-gc-015,포항국민여가캠핑장,일반야영장,일반야영장/자동차야영장/글램핑/카라반,대구경북,경상북도,포항시,경상북도 포항시 남구 연일읍 중명길 175,,,,,,,,고캠핑 전국 야영장 등록현황(한국관광공사),N
camp-31383,포항시 국민여가캠핑장,일반야영장,일반야영장,대구경북,경상북도,포항시,경상북도 포항시 남구 연일읍 중명길 175,35.9809304799939,129.313940976244,포항시청,기초자치단체,054-256-8579,https://www.pohang.go.kr/camping/web/,"일반(30면),샤워실, 화장실, 분리수거장, 급수대, 전기시설",공유누리(행정안전부),Y
camp-31219,달서별빛캠프 캠핑장,일반야영장,일반야영장,대구경북,대구광역시,달서구,대구 달서구 앞산순환로 248 (송현동),35.8232403786948,128.557039480382,달서구청,기초자치단체,053-667-3191,https://camp.xticket.kr/web/main?shopEncode=f27ad3485cf140b64341e2cc975c376d14561a12aca07349ae393d97379882c7,"데크(15면), 숲속데크(11면), 오토(15면),화장실,샤워실,취사장,물놀이장,놀이터",공유누리(행정안전부),Y
camp-31203,낙동강레포츠밸리 강변오토캠핑장,카라반,카라반,대구경북,대구광역시,달성군,대구광역시 달성군 구지면 구지서로 199,35.6719915803351,128.371669830357,달성군시설관리공단,지방공기업·출자출연기관,053-659-4150,https://www.dssiseol.or.kr/pages/yeyak_sports/page.html?mc=1135,"일반(7면), 오토(30면),전기시설,상하수도시설,화장실,샤워실,취사시설",공유누리(행정안전부),Y
camp-31204,낙동강레포츠밸리 구지오토캠핑장,카라반,카라반,대구경북,대구광역시,달성군,대구광역시 달성군 구지면 구지서로 199,35.6719915803351,128.371669830357,달성군시설관리공단,지방공기업·출자출연기관,053-659-4150,https://www.dssiseol.or.kr/pages/yeyak_sports/page.html?mc=1186,"카라반(17대),전기시설,상하수도시설,화장실,샤워실,취사시설",공유누리(행정안전부),Y
camp-30989,비슬산자연휴양림 야영장,자동차야영장,자동차야영장,대구경북,대구광역시,달성군,대구광역시 달성군 유가읍 일연선사길 99,35.6900115304704,128.512901658629,달성군시설관리공단,지방공기업·출자출연기관,053-659-4400,https://www.foresttrip.go.kr/indvz/main.do?hmpgId=ID02030093,"24면,세미나실. 오름등반로. 야외공연장",공유누리(행정안전부),Y
camp-31237,도학 오토캠핑장,자동차야영장,자동차야영장,대구경북,대구광역시,동구,대구광역시 동구 도학동 110,35.981930173562,128.703664360641,대구광역시 팔공산자연공원관리사무소,광역자치단체,053-981-8036,http://yeyak.daegu.go.kr/yeyak/main/mainPage.do,"자동차(24면),산책로, 음수대, 취사장, 샤워장, 화장실",공유누리(행정안전부),Y
camp-31239,동화야영장,일반야영장,일반야영장,대구경북,대구광역시,동구,대구광역시 동구 팔공산로 199길 6-1(용수동),35.9899418871729,128.696173396579,대구광역시 팔공산자연공원관리사무소,광역자치단체,053-803-7152,https://yeyak.daegu.go.kr/yeyak/PageLink.do?link=/guide/fac_guide26,"일반(44면),산책로, 음수대, 취사장, 샤워장, 화장실",공유누리(행정안전부),Y
camp-31264,봉무공원야영장,일반야영장,일반야영장,대구경북,대구광역시,동구,대구시 동구 팔공로 50길 66,35.9219591877382,128.650179861056,대구동구청,기초자치단체,053-662-2624,https://www.gocamping.or.kr/bsite/camp/info/read.do?c_no=1378,"3,600㎡(야영장 3단, 텐트 10동 설치가능),화장실,취사시설,상하수도",공유누리(행정안전부),Y
camp-31376,파계 오토캠핑장,자동차야영장,자동차야영장,대구경북,대구광역시,동구,대구광역시 동구 파계로 707-14,35.99301857751,128.636951408991,대구광역시 팔공산자연공원관리사무소,광역자치단체,053-803-7140,http://yeyak.daegu.go.kr/yeyak/main/mainPage.do,"자동차(29면),산책로, 음수대, 취사장, 샤워장, 화장실",공유누리(행정안전부),Y
camp-31196,금호강 산격야영장,일반야영장,일반야영장,대구경북,대구광역시,북구,대구광역시 북구 산격동 1477-1,35.909619577622,128.603809149623,대구광역시 시설안전관리사업소,광역자치단체,053-382-5801,http://noricamp.com/site/%EA%B8%88%ED%98%B8%EA%B0%95%20%EC%82%B0%EA%B2%A9%20%EC%95%BC%EC%98%81%EC%9E%A5,"일반(30면 예정),화장실2개소, 개수대 1개소",공유누리(행정안전부),Y
camp-31197,금호강 오토캠핑장,일반야영장,일반야영장,대구경북,대구광역시,북구,대구광역시 북구 검단동 458-4번지,35.9186366584404,128.611496244201,대구북구청,기초자치단체,053-719-3300,https://www.buk.daegu.kr/reserve/index.do?menu_id=00002981,"오토캠핑장 16면,산책로,운동장,낚시",공유누리(행정안전부),Y
camp-31358,진밭골야영장,일반야영장,일반야영장,대구경북,대구광역시,수성구,대구광역시 수성구 진밭길 112 (범물동),35.8168734515841,128.660498754742,대구광역시 수성구,광역자치단체,053-666-3477,https://www.suseong.kr/camping/,"일반(11면),계곡 물놀이, 산책로",공유누리(행정안전부),Y
camp-31356,진밭골야영장,카라반,카라반,대구경북,대구광역시,수성구,대구 수성구 진밭길 112 (범물동),35.8168734515841,128.660498754742,대구광역시 수성구,광역자치단체,053-666-3477,https://www.suseong.kr/camping/,"5동,계곡 물놀이, 산책로",공유누리(행정안전부),Y
camp-gc-017,산디마을 생태공원 캠핑장,일반야영장,일반야영장/자동차야영장/글램핑/카라반,대전충남,대전광역시,대덕구,대전광역시 대덕구 장동 685-1,,,,,,,,고캠핑 전국 야영장 등록현황(한국관광공사),N
camp-31580,상소오토캠핑장,일반야영장,일반야영장,대전충남,대전광역시,동구,대전광역시 동구 산내로 748,36.237996861098,127.468969195371,대전 동구청,기초자치단체,042-273-4174,https://www.sangsocamping.kr:453/camping.asp,"일반야영장(27면),화장실, 취사장, 샤워실, 매점 등",공유누리(행정안전부),Y
camp-31065,장태산자연휴양림 야영장,일반야영장,일반야영장,대전충남,대전광역시,서구,대전광역시 서구 장안동 장안로 461,36.2159674164178,127.341277658507,대전광역시공원관리시업소,광역자치단체,042-270-7882,https://www.foresttrip.go.kr/indvz/main.do?hmpgId=ID02030106,"야영데크(6면), 파쇄석(14면),출렁다리, 숲속어드벤쳐, 회의실",공유누리(행정안전부),Y
camp-31384,하기숲캠핑장,일반야영장,일반야영장,대전충남,대전광역시,유성구,대전 유성구 하기동 259,36.3932359181113,127.332316806943,유성구청,기초자치단체,070-7727-5500,https://www.hgscamp.kr:454/,"자동차야영장(14면),, 어린이놀이터, 산책로, 바비큐장, 생태연못",공유누리(행정안전부),Y
camp-30934,금강자연휴양림 야영장,일반야영장,일반야영장,대전충남,세종특별자치시,금남면,세종특별자치시 금남면 산림박물관길 110,36.4376993757342,127.232743326942,충청남도산림자원연구소,지방공기업·출자출연기관,041-635-7400,https://www.foresttrip.go.kr/indvz/main.do?hmpgId=ID02030085,"캐빈(5동), 데크(10면), 노지(10면),산책로, 잔디광장,수영장",공유누리(행정안전부),Y
camp-31584,세종합강캠핑장,자동차야영장,자동차야영장,대전충남,세종특별자치시,연기면,세종특별자치시 연기면 태산로 329,36.517476260818,127.337183140324,세종시청 치수방재과,기초자치단체,044-850-1117,https://www.sjfmc.or.kr/kor/sub04_10_02.do,"150,000㎡ 오토캠핑존(124면),오토캠핑존(124), 태극캠핑존(29), 바비큐장(6), 화장실(6), 샤워실(6), 개수대(6), 놀이터(3), 관리사무소 등",공유누리(행정안전부),Y
camp-31340,전월산 국민여가캠핑장,일반야영장,일반야영장,대전충남,세종특별자치시,연기면,세종특별자치시 연기면 세종리 644-502,36.5134898,127.300078,세종시청 관광문화재과,기초자치단체,044-850-1379,http://forest.maketicket.co.kr/ticket/GD98,"4,505㎡, 이지캠핑존(8면), 오토캠핑존(14면),산책로",공유누리(행정안전부),Y
camp-30828,공주산림휴양마을 야영장,일반야영장,일반야영장,대전충남,충청남도,공주시,충청남도 공주시 수원지공원길 222,36.4244252421143,127.119319981992,공주시시설관리사업소,기초자치단체,041-855-0855,https://www.foresttrip.go.kr/indvz/main.do?hmpgId=ID02030011,"노지(10면), 야영데크(10면),산책로, 썰매장, 생태공원, 목재문화체험관",공유누리(행정안전부),Y
camp-31181,공주한옥마을 웅진오토캠핑장,자동차야영장,자동차야영장,대전충남,충청남도,공주시,충청남도 공주시 웅진동 관광단지길 12,36.464685623294,127.107591634932,공주시청,기초자치단체,041-840-8900,https://www.gongju.go.kr/hanok/,"자동차(4면),산책로, 둘레길, 전통문화체험, 공방",공유누리(행정안전부),Y
camp-gc-031,금산 국민여가캠핑장,일반야영장,일반야영장/자동차야영장/글램핑/카라반,대전충남,충청남도,금산군,충청남도 금산군 제원면 닥실길 16,,,,,,,,고캠핑 전국 야영장 등록현황(한국관광공사),N
camp-30939,남이자연휴양림 야영장,일반야영장,일반야영장,대전충남,충청남도,금산군,충청남도 금산군 남이면 느티골길 200,36.0677603702882,127.36909272198,금산군청,기초자치단체,041-753-5706,https://www.foresttrip.go.kr/indvz/main.do?hmpgId=ID02030063,"56면, 캠핑카전용(14면),목재문화채험장, 산책로, 생태숲, 산림욕장",공유누리(행정안전부),Y
camp-31329,인삼골오토캠핑장,일반야영장,일반야영장,대전충남,충청남도,금산군,충청남도 금산군 제원면 용화리 271-1,36.0926338,127.5850191,금산군청,기초자치단체,041-752-1210,https://camp.xticket.kr/web/main?shopEncode=15e1aaac36257a8e149e7dbb83f15fc65715e5f3d4b7687daf6165ce78c5ccf7,"55,계곡 물놀이,산책로,낚시,어린이놀이시설",공유누리(행정안전부),Y
camp-31230,대둔산 수락캠핑장,일반야영장,일반야영장,대전충남,충청남도,논산시,충청남도 논산시 벌곡면 수락계곡길 274-15,36.1416810975072,127.301682525199,논산시청,기초자치단체,041-733-1661,http://surakcamping.com/,"일반(37면),화장실, 음수대, 샤워장",공유누리(행정안전부),Y
camp-31034,양촌자연휴양림 야영장,글램핑,글램핑,대전충남,충청남도,논산시,충청남도 논산시 양촌면 매죽헌로1723번길 176-23,36.1572604394275,127.24648455167,논산시청,기초자치단체,041-746-6481,https://www.foresttrip.go.kr/indvz/main.do?hmpgId=ID02030034,"글램핑장(8동),산책로, 바비큐장",공유누리(행정안전부),Y
camp-31224,당진난지도 국민여가캠핑장,일반야영장,일반야영장,대전충남,충청남도,당진시,충청남도 당진시 석문면 난지도리 701,37.0445431343426,126.424809781136,당진항만관광공사,지방공기업·출자출연기관,041-363-9229,http://camping.dpto.or.kr/sub3/3_2.php,"31,전기시설,상하수도시설,화장실,샤워실",공유누리(행정안전부),Y
camp-31225,당진해양캠핑공원,일반야영장,일반야영장,대전충남,충청남도,당진시,충청남도 당진시 신평면 산정길 112,36.8959704113251,126.817981883718,당진항만관광공사,지방공기업·출자출연기관,041-363-9229,http://camping.dpto.or.kr/sub3/3_1.php,"일반(19면),화장실,샤워장",공유누리(행정안전부),Y
camp-31320,왜목오토캠핑장,자동차야영장,자동차야영장,대전충남,충청남도,당진시,충청남도 당진시 석문면 왜목길 16-16,37.043556365195,126.525896216643,당진항만관광공사,지방공기업·출자출연기관,041-363-9229,http://camping.dpto.or.kr/sub3/3_3.php,"일반(7면),카라반가능(14면),화장실,샤워장",공유누리(행정안전부),Y
camp-31235,대천해수욕장 야영장,일반야영장,일반야영장,대전충남,충청남도,보령시,충청남도 보령시 해수욕장1길 23 (신흑동),36.3144888,126.5111197,보령시청,기초자치단체,041-933-7051,https://www.gocamping.or.kr/bsite/camp/info/read.do?c_no=6972&viewType=read01,"139,전기시설,화장실,취사시설,샤워실",공유누리(행정안전부),Y
camp-31246,무창포해수욕장오토캠핑장,일반야영장,일반야영장,대전충남,충청남도,보령시,충청남도 보령시 웅천읍 관당리 806-9,36.241200324146,126.535723357053,보령시청,기초자치단체,041-936-3761,http://noricamp.com/site/%EB%AC%B4%EC%B0%BD%ED%8F%AC%ED%95%B4%EC%88%98%EC%9A%95%EC%9E%A5%20%EC%98%A4%ED%86%A0%EC%BA%A0%ED%95%91%EC%9E%A5,"37,전기시설,화장실,취사시설,샤워실",공유누리(행정안전부),Y
camp-31012,성주산자연휴양림 야영장,일반야영장,일반야영장,대전충남,충청남도,보령시,충청남도 보령시 성주면 화장골길 57-228,36.3325687279031,126.663964609242,보령시청,기초자치단체,041-934-7133,https://www.foresttrip.go.kr/indvz/main.do?hmpgId=ID02030078,"야영데크(62면),강의실, 계곡, 물놀이장, 편백나무숲",공유누리(행정안전부),Y
camp-31321,용두해수욕장 숲속야영장,일반야영장,일반야영장,대전충남,충청남도,보령시,충청남도 보령시 남포면 용두욕장2길 40,36.2626764393974,126.548368721906,보령시청,기초자치단체,041-933-4005,https://www.brsisul.or.kr/kor/sub01_05_02.do,"40,전기시설,화장실,취사시설,샤워실",공유누리(행정안전부),Y
camp-30953,만수산자연휴양림 야영장,일반야영장,일반야영장,대전충남,충청남도,부여군,충청남도 부여군 외산면 휴양로 107,36.3385420816258,126.711932456613,부여군시설관리공단,지방공기업·출자출연기관,041-832-6561,https://www.foresttrip.go.kr/indvz/main.do?hmpgId=ID02030007,"야영데크(19면),물놀이장, 놀이터, 야외공연장, 다목적홀",공유누리(행정안전부),Y
camp-gc-032,서천 국민여가 캠핑장,일반야영장,일반야영장/자동차야영장/글램핑/카라반,대전충남,충청남도,서천군,충청남도 서천군 마서면 장산로 856,,,,,,,,고캠핑 전국 야영장 등록현황(한국관광공사),N
camp-31501,서천 금빛노을 서울캠핑장,일반야영장,일반야영장,대전충남,충청남도,서천군,충청남도 서천군 마서면 옥도로 498번길 43-10,36.0456157366736,126.718902109887,서천군청,기초자치단체,041-952-3926,https://blog.naver.com/seoul_camp/221494107300,"일반야영장(15면),산책로,수상레저,낚시,해수욕",공유누리(행정안전부),Y
camp-31037,영인산자연휴양림 야영장,일반야영장,일반야영장,대전충남,충청남도,아산시,충청남도 아산시 영인면 아산온천로 16-24,36.8411239668852,126.949389510268,아산시시설관리공단,지방공기업·출자출연기관,041-538-1958,https://www.foresttrip.go.kr/indvz/main.do?hmpgId=ID02030012,"야영데크(20면),산책로,다목적구장,샤워장,개수대,전기시설,관리동",공유누리(행정안전부),Y
camp-31316,예당관광지 국민여가캠핑장,자동차야영장,자동차야영장,대전충남,충청남도,예산군,충청남도 예산군 응봉면 예당관광로 123,36.6366183006597,126.798004575052,예산군관광시설사업소,기초자치단체,041-339-8285,http://camping.yesan.go.kr/reservation.do,"27사이트,상하수도시설,전기시설,화장실,취사시설,샤워실",공유누리(행정안전부),Y
camp-31453,독립기념관 캠핑장,일반야영장,일반야영장,대전충남,충청남도,천안시,충청남도 천안시 동남구 목천읍 독립기념관로 1,36.7818719998049,127.230398111736,천안시청,기초자치단체,041-560-0114,https://www.i815.or.kr/campsite/camp/site.do,"일반야영장(104면),매점, 전기시설, 화장실, 취사시설, 샤워실",공유누리(행정안전부),Y
camp-31360,천안국민여가캠핑장,자동차야영장,자동차야영장,대전충남,충청남도,천안시,충청남도 천안시 동남구 목천읍 교촌7길 46-13,36.8016541169806,127.226784891668,천안시시설관리공단,지방공기업·출자출연기관,041-529-5113,https://mccamp.cfmc.or.kr/node/?menu=030100,"오토캠핑장28면 일반캠핑장 10면,샤워실, 전망데크, 휴게광장",공유누리(행정안전부),Y
camp-gc-033,천안시 국민여가캠핑장,일반야영장,일반야영장/자동차야영장/글램핑/카라반,대전충남,충청남도,천안시,충청남도 천안시 동남구 목천읍 교촌7길 46-13,,,,,,,,고캠핑 전국 야영장 등록현황(한국관광공사),N
camp-31094,태학산자연휴양림 오토캠핑장,자동차야영장,자동차야영장,대전충남,충청남도,천안시,충청남도 천안시 동남구 풍세면 휴양림길 105-2,36.7286070817567,127.091944281065,천안시시설관리공단,지방공기업·출자출연기관,041-529-5108,https://www.foresttrip.go.kr/indvz/main.do?hmpgId=ID02030040,"33면,전기시설, 화장실, 취사시설, 샤워실",공유누리(행정안전부),Y
camp-31365,청양 동강리 오토캠핑장,자동차야영장,자동차야영장,대전충남,충청남도,청양군,충청남도 청양군 청남면 금강변로 868-135,36.3395703280059,126.978017627398,청양군청 안전재난과,기초자치단체,041-940-2706,https://river.cheongyang.go.kr/,"자동차 42대(100㎡ 18면, 40㎡ 24면),샤워장, 음수대, 족구장, 피크닉테이블, 파고라 등",공유누리(행정안전부),Y
camp-31366,청양 칠갑산 오토캠핑장,자동차야영장,자동차야영장,대전충남,충청남도,청양군,충청남도 청양군 대치면 까치내로 710,36.3957254436757,126.863184161475,청양군공공시설사업소,기초자치단체,041-940-2700,http://camping.cheongyang.go.kr/,"일반(46면), 자동차(29면),산책로,어린이놀이시설",공유누리(행정안전부),Y
camp-31089,칠갑산자연휴양림 야영장,일반야영장,일반야영장,대전충남,충청남도,청양군,충청남도 청양군 대치면 칠갑산로 668-103,36.4315905374483,126.843824145714,청양군공공시설사업소,기초자치단체,041-940-2428,https://www.foresttrip.go.kr/indvz/main.do?hmpgId=ID02030044,"야영데크(20면),다목적체육시설, 식당, 원두막, 물놀이장, 매점, 회의실",공유누리(행정안전부),Y
camp-30818,거제자연휴양림 야영장,일반야영장,일반야영장,부산경남,경상남도,거제시,경상남도 거제시 동부면 거제중앙로 325,34.7856991830164,128.625943103613,거제해양관광개발공사,지방공기업·출자출연기관,055-639-8115,https://www.foresttrip.go.kr/indvz/main.do?hmpgId=ID02030059,"44면,족구장, 다목적실, 세미나실, 숲속놀이터, 화장실, 샤워장",공유누리(행정안전부),Y
camp-gc-012,거창 국민여가캠핑장,일반야영장,일반야영장/자동차야영장/글램핑/카라반,부산경남,경상남도,거창군,경상남도 거창군 북상면 덕유월성로 1312-96,,,,,,,,고캠핑 전국 야영장 등록현황(한국관광공사),N
camp-30937,금원산자연휴양림 야영장,일반야영장,일반야영장,부산경남,경상남도,거창군,경상남도 거창군 위천면 금원산길 412,35.7314457555139,127.797876929071,경상남도청,광역자치단체,055-254-3971,https://www.foresttrip.go.kr/indvz/main.do?hmpgId=ID02030077,"90면,세미나실",공유누리(행정안전부),Y
camp-31293,수승대 오토캠핑장,일반야영장,일반야영장,부산경남,경상남도,거창군,경상남도 거창군 위천면 은하리길 2,35.7609232664313,127.83367693705,거창군청,기초자치단체,055-940-8530,http://www.geochang.go.kr/tour/ssd/autocamping/reserve/Reserve.do?&pageCd=SD0602000000&siteGubun=ssd,"56,전기시설, 상하수도시설,샤워실, 족구장, 농구장",공유누리(행정안전부),Y
camp-31294,수승대야영장,일반야영장,일반야영장,부산경남,경상남도,거창군,경상남도 거창군 위천면 은하리길 43-101,35.7587755900335,127.831636298201,거창군청,기초자치단체,055-940-8530,https://www.geochang.go.kr/tour/ssd/camping/reserve/Reserve.do?&pageCd=SD0603000000&siteGubun=ssd,"84,계곡 물놀이, 샤워실",공유누리(행정안전부),Y
camp-31176,고성 남산공원 오토캠핑장,일반야영장,일반야영장,부산경남,경상남도,고성군,경상남도 고성군 고성읍 공룡로 3165,34.9555734316102,128.328753951587,고성군청,기초자치단체,070-4152-5255,https://www.gscamping.com/,"일반(27면), 카라반용(5면),산책로, 화장실, 개수대, 샤워장, 매점",공유누리(행정안전부),Y
camp-31226,당항포 오토캠핑장,자동차야영장,자동차야영장,부산경남,경상남도,고성군,경상남도 고성군 회화면 당항만로 1116,35.0532256277492,128.392026078668,고성군청,기초자치단체,055-670-4502,https://camp.xticket.kr/web/main?shopEncode=1714e15f2ae140de5dba3810efa1476baf8211013697ae6dcb8386d12933a735,"118,산책로,물놀이, 당항포관광지 무료입장, 화장실, 개수대, 샤워장",공유누리(행정안전부),Y
camp-31276,생림 오토 캠핑장,일반야영장,일반야영장,부산경남,경상남도,김해시,경상남도 김해시 생림면 마사리 1322-6,35.3651886220804,128.811910126267,김해시청,기초자치단체,055-338-9925,https://www.gocamping.or.kr/bsite/camp/info/read.do?c_no=1601,"사이트93개,주차장, 화장실, 샤워실",공유누리(행정안전부),Y
camp-31298,신어산자연숲캠핑장,자동차야영장,자동차야영장,부산경남,경상남도,김해시,김해시 상동면 장척로462번길 140,35.2771489766488,128.924524014191,김해시청,기초자치단체,010-3999-1293,http://www.sineosan.com,"사이트32개,. 글램핑 5개 ,주차장, 화장실, 샤워실, 개수대, 목공체험실",공유누리(행정안전부),Y
camp-gc-013,남해 힐링국민여가캠핑장,일반야영장,일반야영장/자동차야영장/글램핑/카라반,부산경남,경상남도,남해군,경상남도 남해군 이동면 성남로 79-14,,,,,,,,고캠핑 전국 야영장 등록현황(한국관광공사),N
camp-31240,두곡해수욕장야영장,일반야영장,일반야영장,부산경남,경상남도,남해군,경상남도 남해군 남면 남면로111번길 95,34.7683286897806,127.907396941369,남해군청,기초자치단체,055-862-8564,https://www.gocamping.or.kr/bsite/camp/info/read.do?c_no=900&viewType=read01,"30,산책로,수상레저,낚시,해수욕",공유누리(행정안전부),Y
camp-31275,상주은모래비치캠핑장,일반야영장,일반야영장,부산경남,경상남도,남해군,경상남도 남해군 상주면 상주로 17-4,34.7196534276283,127.985070900472,남해군청,기초자치단체,055-863-3573,https://sangjubeach.com/autocamp/,"66,전기시설, 화장실, 샤워실",공유누리(행정안전부),Y
camp-31287,송정솔바람야영장,일반야영장,일반야영장,부산경남,경상남도,남해군,경상남도 남해군 미조면 미송로 483,34.7231629682307,128.024966656696,남해군청,기초자치단체,055-867-3414,https://www.gocamping.or.kr/bsite/camp/info/read.do?c_no=1797&viewType=read01,"51,산책로,낚시,해수욕",공유누리(행정안전부),Y
camp-31326,월포해수욕장야영장,일반야영장,일반야영장,부산경남,경상남도,남해군,경상남도 남해군 남면 석교리 1034-1,34.7671652794662,127.904502068203,남해군청,기초자치단체,010-7670-9993,https://www.gocamping.or.kr/bsite/camp/info/read.do?c_no=2498&viewType=read01,"30,화장실, 샤워실",공유누리(행정안전부),Y
camp-31252,밀양아리랑 오토캠핑장,자동차야영장,자동차야영장,부산경남,경상남도,밀양시,경상남도 밀양시 하남읍 백산리 474-32,35.3512319206324,128.756930336623,밀양시시설관리공단,지방공기업·출자출연기관,055-359-4636,https://www.myfmc.or.kr/sub/04_02.php,"200,전기시설, 샤워실, 개수대, 족구장 2면,다목적구장 3면",공유누리(행정안전부),Y
camp-31267,비토 국민여가캠핑장,카라반,카라반,부산경남,경상남도,사천시,경상남도 사천시 서포면 용궁로 124,34.9655221848658,127.98272901586,사천시시설관리공단,지방공기업·출자출연기관,070-8988-4000,http://www.bitocamping.com/?c=booking/apply,"3,전기시설, 화장실,샤워실 등",공유누리(행정안전부),Y
camp-31457,동의보감촌 숲속글램핑,글램핑,글램핑,부산경남,경상남도,산청군,경상남도 산청군 금서면 동의보감로555번길 167-23,35.4348126292003,127.826283726796,산청군청,기초자치단체,055-972-9778,http://donguibogam-village.sancheong.go.kr/html/sub/01_04_05.jsp,"일반야영장(6면), 자동차야영장사이트(6면), 글램핑시설(23면),어린이놀이시설",공유누리(행정안전부),Y
camp-31109,한방자연휴양림 야영장,자동차야영장,자동차야영장,부산경남,경상남도,산청군,경상남도 산청군 금서면 동의보감로555번길 186,35.4340358385486,127.823680825541,산청군청,기초자치단체,055-970-6952,https://www.foresttrip.go.kr/indvz/main.do?hmpgId=ID02030037,"사이트(6면),화장실, 샤워실, 취사장, 세미나실",공유누리(행정안전부),Y
camp-30944,대운산자연휴양림 야영장,일반야영장,일반야영장,부산경남,경상남도,양산시,경상남도 양산시 탑골길 270,35.4178507074094,129.208911645308,양산시시설관리공단,지방공기업·출자출연기관,055-379-8670,https://www.foresttrip.go.kr/indvz/main.do?hmpgId=ID02030038,"101면,산책로, 대회의실, 소회의실",공유누리(행정안전부),Y
camp-31402,황산문화체육공원 국민여가캠핑장,자동차야영장,자동차야영장,부산경남,경상남도,양산시,경상남도 양산시 물금읍 낙동로 295-19,35.3017308251053,128.989594913984,양산시시설관리공단,지방공기업·출자출연기관,055-379-8690,http://www.yssisul.or.kr/stms/hs,"일반(75면), 자동차(36면),상하수도, 전기, 화장실, 취사시설, 샤워실",공유누리(행정안전부),Y
camp-31112,화왕산자연휴양림 야영장,일반야영장,일반야영장,부산경남,경상남도,창녕군,경상남도 창녕군 고암면 청간길 128-126,35.546930792625,128.567314450646,창녕군산립조합,기초자치단체,055-533-2332,https://www.foresttrip.go.kr/indvz/main.do?hmpgId=ID02030015,"야영데크(10면),다목적구장, 바비큐장, 숲길, 물놀이장, 놀이터",공유누리(행정안전부),Y
camp-31221,달천공원오토캠핑장,자동차야영장,자동차야영장,부산경남,경상남도,창원시,경상남도 창원시 의창구 북면 달천길 150,35.2831966202334,128.598252179456,창원시청,기초자치단체,055-262-0752,https://camp.changwon.go.kr:8080/,"자동차(26면), 방갈로(4동), 계곡, 산책로, 물놀이장",공유누리(행정안전부),Y
camp-31373,케이블카파크랜드 오토캠핑장,자동차야영장,자동차야영장,부산경남,경상남도,통영시,통영시 발개로 172-24,34.8235944349898,128.42263295344,통영시청,기초자치단체,010-3557-8607,http://www.tycamping.co.kr/,"자동차(21면),샤워실, 화장실, 취사시설",공유누리(행정안전부),Y
camp-31375,통제영오토토캠핑장,자동차야영장,자동차야영장,부산경남,경상남도,통영시,통영시 한산면 한산일주로 171,34.8005499615355,128.474535066249,통영시청,기초자치단체,010-7343-1603,https://cafe.naver.com/tongjaeyoung,"자동차(24면),샤워실, 화장실, 취사시설",공유누리(행정안전부),Y
camp-31180,고포수변공원 캠핑장,일반야영장,일반야영장,부산경남,경상남도,하동군,경상남도 하동군 금성면 고포큰골길 19-37,34.966219636001,127.771233690307,하동군청,기초자치단체,010-8581-5545,https://www.hadong.go.kr/02640/02651/03372.web,"텐트(21면), 모빌홈(3동), 카라반(1동),",공유누리(행정안전부),Y
camp-31379,평사리공원 야영장,자동차야영장,자동차야영장,부산경남,경상남도,하동군,경상남도 하동군 악양면 평사리 평사리 섬진강대로 3145-1,35.1381594,127.6889294,하동군청,기초자치단체,055-883-9004,https://www.hadong.go.kr/02640/02651/02802.web,"자동차(58면),산책로",공유누리(행정안전부),Y
camp-31385,하동군 다목적캠핑장,일반야영장,일반야영장,부산경남,경상남도,하동군,경상남도 하동군 옥종면 두양리 1073-219,35.2444047430521,127.889782465293,하동군청,기초자치단체,010-5188-6092,https://www.hadong.go.kr/02640/02651/02803.web,"텐트(30면),화장실, 샤워실, 취사장",공유누리(행정안전부),Y
camp-31169,강나루 오토캠핑장,자동차야영장,자동차야영장,부산경남,경상남도,함안군,경남 함안군 칠서면 삼칠로 1235-50 일원,35.3897859985045,128.509206026397,함안군청,기초자치단체,055-586-2510,https://www.haman.go.kr/04198/04219/04274.web,"일반(197면),축구장, 농구장, 자전거대여, 화장실, 샤워장, 음수대, 놀이터",공유누리(행정안전부),Y
camp-31388,함양 용추 오토캠핑장,자동차야영장,자동차야영장,부산경남,경상남도,함양군,경상남도 함양군 안의면 상원리 764,35.6750909140991,127.772381215666,함양군청,기초자치단체,055-962-2943,https://cafe.daum.net/yongchoo-camp,"35,",공유누리(행정안전부),Y
camp-31444,대기농촌체험휴양마을,일반야영장,일반야영장,부산경남,경상남도,합천군,경상남도 합천군 가회면 중촌리 420-5,35.4621284812333,128.001864275218,합천군청,기초자치단체,055-931-1313,https://korean.visitkorea.or.kr/detail/ms_detail.do?cotid=8d659ae6-610d-40b8-b00d-d2855c926a3f,",전기시설, 상하수도시설",공유누리(행정안전부),Y
camp-31040,오도산자연휴양림 야영장,일반야영장,일반야영장,부산경남,경상남도,합천군,경상남도 합천군 봉산면 오도산휴양로 398,35.6690451788031,128.053874491152,합천군농업기술센터,기초자치단체,055-930-3733,https://www.foresttrip.go.kr/indvz/main.do?hmpgId=ID02030068,"야영데크(81면),물놀이장, 솔숲쉼터, 매점, 치유센터, 등산로, 산책로, 세미나실",공유누리(행정안전부),Y
camp-31343,정양레포츠공원 오토캠핑장,자동차야영장,자동차야영장,부산경남,경상남도,합천군,경상남도 합천군 대양면 정양리 613,35.5581910980498,128.165448763533,합천군청,기초자치단체,055-930-4663,https://www.hc.go.kr/06574/06590/06596.web?amode=view&idx=135&sstring=%EC%A0%95%EC%96%91&stype=name,"45,전기시설,상하수도시설",공유누리(행정안전부),Y
camp-31565,황매산 국민여가 캠핑장,자동차야영장,자동차야영장,부산경남,경상남도,합천군,경상남도 합천군 가회면 둔내리 산219-11,35.4811514711434,127.983809188899,합천군청,기초자치단체,055-932-5880,https://www.hc.go.kr/06571/06780/06790.web?amode=view&idx=67&,"자동차야영장사이트(80면),전기시설,상하수도시설",공유누리(행정안전부),Y
camp-31233,대저생태공원 캠핑장,자동차야영장,자동차야영장,부산경남,부산광역시,강서구,부산광역시 강서구 대저1동 1-5번지,35.215848101826,128.991446009636,부산광역시 낙동강관리본부,광역자치단체,051-941-0957,https://www.daejeocamping.com/,"75,관리사무실, 매점, 화장실, 개수장, 샤워장, 쓰레기분리수거장",공유누리(행정안전부),Y
camp-31477,바다가 보이는 부산항 힐링 야영장,일반야영장,일반야영장,부산경남,부산광역시,동구,부산광역시 동구 초량동 1185-1,35.113302955393,129.043488787697,부산동구청,기초자치단체,051-400-1205,https://www.busanpa.com/redevelopment/Contents.do?mCode=MN0081,"자동차야영장사이트(24면),상하수도시설,화장실,샤워실",공유누리(행정안전부),Y
camp-gc-018,삼락생태공원 오토캠핑장,일반야영장,일반야영장/자동차야영장/글램핑/카라반,부산경남,부산광역시,사상구,부산광역시  사상구 삼락동 29-59,,,,,,,,고캠핑 전국 야영장 등록현황(한국관광공사),N
camp-31231,대왕암공원 캠핑장,일반야영장,일반야영장,부산경남,울산광역시,동구,울산시 동구 등대로 80-61,35.4881813906157,129.439163816926,울산동구청,기초자치단체,052-209-4530,https://daewangam.donggu.ulsan.kr/camping/Pginfo.do,"오토캠핑(36면),전기시설,샤워장,세척장,화장실",공유누리(행정안전부),Y
camp-31170,강동오토캠핑장,카라반,카라반,부산경남,울산광역시,북구,울산광역시 북구 동해안로 1158(당사동),35.5992919813638,129.462950819407,울산 북구청,기초자치단체,052-291-3663,https://autocamping.bukgu.ulsan.kr/,"카라반(6동),전기시설, 화장실, 샤워장, 식기세척실",공유누리(행정안전부),Y
camp-31241,등억알프스야영장,일반야영장,일반야영장,부산경남,울산광역시,울주군,울산광역시 울주군 상북면 등억알프스리 309-1,35.5533000773202,129.087852913897,울주군청 산림공원과,기초자치단체,052-254-0301,https://camping.ulju.ulsan.kr/Pgalllight.do,"오토캠핑장 48면, 카라반 20동,전기시설,화장실,취사시설,샤워실",공유누리(행정안전부),Y
camp-31333,작천정 달빛야영장,일반야영장,일반야영장,부산경남,울산광역시,울주군,울산광역시 울주군 삼남읍 교동리 1522-1,35.5484080518997,129.109542829934,울주군청 산림공원과,기초자치단체,052-264-0501,https://camping.ulju.ulsan.kr/Pgallstar.do,"40면,전기시설,화장실,취사시설,샤워실",공유누리(행정안전부),Y
camp-31334,작천정 별빛야영장,일반야영장,일반야영장,부산경남,울산광역시,울주군,울산광역시 울주군 상북면 자수정로 320,35.5512544541785,129.094346557858,울주군청 산림공원과,기초자치단체,052-254-7720,https://camping.ulju.ulsan.kr/Pgallstar.do,"65면,전기시설,화장실,취사시설,샤워실",공유누리(행정안전부),Y
camp-31331,입화산 참살이 숲 야영장,자동차야영장,자동차야영장,부산경남,울산광역시,중구,울산광역시  중구 다운동 8번지,35.5768993559687,129.277424291806,울산 중구청,기초자치단체,052-708-2831,https://www.junggu.ulsan.kr/camping/camp/iphwa/intro.do?searchCsId=,"7,801m²,산책로, 오토캠핑장, 일반야영장",공유누리(행정안전부),Y
camp-31332,입화산 참살이숲 제2오토캠핑장,자동차야영장,자동차야영장,부산경남,울산광역시,중구,울산광역시 중구 다운동 8번지,35.5768993559687,129.277424291806,울산중구청,기초자치단체,052-211-2832,https://www.junggu.ulsan.kr/camping/camp/iphwa_auto2/intro.do,"9,840m²,산책로, 오토캠핑장, 잔디마당",공유누리(행정안전부),Y
camp-31374,태화연캠핑장,일반야영장,일반야영장,부산경남,울산광역시,중구,울산광역시 중구 태화동 281번지 일원,35.5610025,129.2867345,울산중구청,기초자치단체,052-211-2834,https://www.junggu.ulsan.kr/camping/camp/taehwa/intro.do?searchCsId=,"9,201m²,산책로, 오토캠핑장, 어린이놀이시설(짚라인), 잔디마당",공유누리(행정안전부),Y
camp-31400,황방산 생태야영장,카라반,카라반,부산경남,울산광역시,중구,울산광역시 중구 장현동 469번지 일원,35.5883345456472,129.328830509386,울산중구청,기초자치단체,052-708-2833,https://www.junggu.ulsan.kr/camping/camp/hwangbang/intro.do,"4,920m²,산책로, 카라반(4대), 잔디마당",공유누리(행정안전부),Y
camp-31493,산장관광지,자동차야영장,자동차야영장,서울인천경기,경기도,가평군,경기도 가평군 가평읍 문화로 131,37.8254227259974,127.506957723294,가평군청,기초자치단체,031-8078-8057,https://www.gpfmc.or.kr/gpfmc/main/main.php,"자동차야영장사이트(41면),전기시설,상하수도시설,샤워실,화장실",공유누리(행정안전부),Y
camp-31540,자라섬캠핑장,카라반,카라반,서울인천경기,경기도,가평군,경기도 가평군 가평읍 자라섬로 60,37.820897505718,127.521045099865,가평군청,기초자치단체,031-8078-8029,https://www.jaraisland.or.kr/jara/main/main.php,"카라반(39대),전기시설,상하수도시설,샤워실,화장실",공유누리(행정안전부),Y
camp-31589,킨텍스캠핑장,일반야영장,일반야영장,서울인천경기,경기도,고양시,경기도 고양시 일산서구 킨텍스로 217-25 (대화동),37.6631279408281,126.73969294266,고양도시관리공사,지방공기업·출자출연기관,031-913-1700,https://www.gys.or.kr/subpage/index/274,"일반야영장(45면),전기시설,샤워실,개수시설,화장실",공유누리(행정안전부),Y
camp-31500,서울대공원야영장,자동차야영장,자동차야영장,서울인천경기,경기도,과천시,경기도 과천시 막계동 산65-75,37.426895658274,127.02653212179,과천시청,기초자치단체,02-500-7870,https://www.seoul.go.kr/storyw/campingjang/park.do,"1,500명 내외,",공유누리(행정안전부),Y
camp-31183,광명도덕산캠핑장,일반야영장,일반야영장,서울인천경기,경기도,광명시,경기도 광명시  밤일안로42번길 69,37.4595962718578,126.860628921355,광명도시공사,지방공기업·출자출연기관,02-2610-7370,https://www.gmuc.co.kr/user/conn/campIntro.do,"42면,산책로, 연못, 샤워장, 등산로, 약수터",공유누리(행정안전부),Y
camp-31172,경기도청소년야영장,자동차야영장,자동차야영장,서울인천경기,경기도,광주시,경기도 광주시 퇴촌면 천진암로 1243,37.4221189035805,127.376729109884,경기도청소년수련원,광역자치단체,031-763-9140,https://www.ggyc.kr/gwangju/index,"일반(20면),산책로, 운동장, 무궁화역사공원, 자역학습장, 체육관",공유누리(행정안전부),Y
camp-31592,구리 토평 가족캠핑장,일반야영장,일반야영장,서울인천경기,경기도,구리시,경기도 구리시 왕숙천로 11-140,37.586614632426,127.158120795886,구리도시공사,지방공기업·출자출연기관,031-550-3788,http://camping.guriuc.or.kr/guricamping/index.php,"이지캠핑(3면),트램펄린장, 산책로, 야외무대, 연못, 바비큐장",공유누리(행정안전부),Y
camp-gc-010,초막골생태공원 느티나무야영장,일반야영장,일반야영장/자동차야영장/글램핑/카라반,서울인천경기,경기도,군포시,경기도 군포시 산본동 919,,,,,,,,고캠핑 전국 야영장 등록현황(한국관광공사),N
camp-31410,가족쉼터,자동차야영장,자동차야영장,서울인천경기,경기도,남양주시,경기도 남양주시 수동면 수산리 591-2,37.7548272358956,127.272109850009,남양주시청,기초자치단체,031-590-2793,https://www.gocamping.or.kr/bsite/camp/info/read.do?c_no=90&viewType=read01,"일반야영장(25면),계곡 물놀이",공유누리(행정안전부),Y
camp-31081,축령산자연휴양림 야영장,일반야영장,일반야영장,서울인천경기,경기도,남양주시,경기도 남양주시 수동면 축령산로 299,37.7547680401799,127.313253048056,경기도,광역자치단체,031-8008-6690,https://www.foresttrip.go.kr/indvz/main.do?hmpgId=ID02030050,"야영데크(30면),산책로",공유누리(행정안전부),Y
camp-31182,광교호수공원 가족캠핑장,자동차야영장,자동차야영장,서울인천경기,경기도,수원시,경기도 수원시 영통구 하동 광교호수로 57,37.2749927620963,127.065265120661,수원도시공사,지방공기업·출자출연기관,031-548-0075,https://www.suwonudc.co.kr/ggcamping/mainPage.do,"데크(26면),오토캠핑장 화장실 식기세척장 샤워실",공유누리(행정안전부),Y
camp-31417,갯골캠핑장,자동차야영장,자동차야영장,서울인천경기,경기도,시흥시,경기도 시흥시 월곶동 520-240,37.3893652051687,126.762052426501,시흥시청,기초자치단체,031-488-6998,https://www.gocamping.or.kr/bsite/camp/info/read.do?c_no=6731,"일반야영장(40면), 글램핑시설(2면),놀이터",공유누리(행정안전부),Y
camp-31174,경기도청소년야영장(안산캠핑장),글램핑,글램핑,서울인천경기,경기도,안산시,경기도 안산시 단원구 선감로 255,37.2151579700402,126.642107274834,경기도청소년수련원,광역자치단체,032-886-6900,https://www.ggyc.kr/ansan/index,"10동,산책로, 공연장, 쉼터, 운동장, 수영장",공유누리(행정안전부),Y
camp-31302,안산화랑오토캠핑장,일반야영장,일반야영장,서울인천경기,경기도,안산시,경기도 안산시 단원구 화랑로 259,37.3230889514537,126.816187367204,안산시청,기초자치단체,031-481-9800~1,https://tickets.interpark.com/goods/20004246,"85,화장실, 샤워장, 식기세척실, 산책로, 놀이터",공유누리(행정안전부),Y
camp-31002,서운산자연휴양림 야영장,일반야영장,일반야영장,서울인천경기,경기도,안성시,경기도 안성시 금광면 배티로 185-39,36.9423847036351,127.313755853344,안성시청,기초자치단체,031-678-2913,https://www.foresttrip.go.kr/indvz/main.do?hmpgId=ID02030092,"6면,숲속의집, 오토캠핑장, 야영장, 카라반",공유누리(행정안전부),Y
camp-31303,안성맞춤 자동차야영장,자동차야영장,자동차야영장,서울인천경기,경기도,안성시,경기도 안성시 보개면 복평리 34-3,37.0313194261321,127.309206928983,안성시설관리공단,지방공기업·출자출연기관,031-677-8267,https://www.gocamping.or.kr/bsite/camp/info/read.do?c_no=2030&viewType=read01,",전기,온수,산책로,운동시설",공유누리(행정안전부),Y
camp-31304,안성맞춤 캠핑장,일반야영장,일반야영장,서울인천경기,경기도,안성시,경기도 안성시 보개면 남사당로 196-31,37.0312980573129,127.309142892191,안성시설관리공단,지방공기업·출자출연기관,031-677-8267,https://www.anseong.go.kr/tourPortal/camp/main.do,"오토( 24면), 데크(12면), 일반(35면), 카라반(7면), 글램핑(10면),오토캠핑장, 야영장, 카라반, 글램핑",공유누리(행정안전부),Y
camp-31305,안성시 다목적 야영장,글램핑,글램핑,서울인천경기,경기도,안성시,경기도 안성시 죽산면 용설호수길 55-33,37.0600117667775,127.451977518749,안성시청,기초자치단체,031-678-5399,http://anseong.camplink.co.kr/,",오토캠핑장, 글램핑",공유누리(행정안전부),Y
camp-31485,병목안캠핑장,자동차야영장,자동차야영장,서울인천경기,경기도,안양시,경기도 안양시 만안구 병목안로247번길 37,37.3826615088267,126.910385115742,안양시청,기초자치단체,031-389-5299,https://www.auc.or.kr/bmacamp/contents/view?contentsNo=139&menuLevel=2&menuNo=127,"데크 (50동),화장실,샤워장,취사장,쓰레기분리수거장,개수대(3개소)",공유누리(행정안전부),Y
camp-31586,양주시 미술관옆 캠핑장,일반야영장,일반야영장,서울인천경기,경기도,양주시,경기도 양주시 장흥면 권율로 185,37.7304896474847,126.948825184179,양주시청,기초자치단체,031-828-9881,https://camp.xticket.kr/web/main?shopEncode=aa49da0f8cd25851d5c139292c8aa729fd764d92fd786f4ff5efbb26ee087e34,"일반캠핑장(21동),전기시설,상하수도시설,샤워실,화장실",공유누리(행정안전부),Y
camp-31049,용문산자연휴양림 야영장,일반야영장,일반야영장,서울인천경기,경기도,양평군,경기도 양평군 양평읍 약수사길 78-14,37.5160492074347,127.519419817144,양평공사,지방공기업·출자출연기관,031-775-4005,https://www.foresttrip.go.kr/indvz/main.do?hmpgId=ID02030087,"야영데크(20면),목재체험놀이터, 산책로",공유누리(행정안전부),Y
camp-31538,이포보오토캠핑장,일반야영장,일반야영장,서울인천경기,경기도,여주군,경기도 여주군 대신면 여양로 1935-177,37.3856138535273,127.548958309908,여주시청,기초자치단체,031-881-6384,http://camp.yjcmc.or.kr/epoc/index.jsp,"오토캠핑장(85면),화장실,전기시설,샤워실,상하수도 시설",공유누리(행정안전부),Y
camp-31539,이포보웰빙캠핑장,일반야영장,일반야영장,서울인천경기,경기도,여주군,경기도 여주군 대신면 여양로 1935-67,37.3929435,127.5473431,여주시청,기초자치단체,031-883-6384,http://camp.yjcmc.or.kr/epoc/index.jsp,"일반캠핑장(95면),화장실,전기시설,샤워실,상하수도 시설",공유누리(행정안전부),Y
camp-31433,금은모래 캠핑장,일반야영장,일반야영장,서울인천경기,경기도,여주시,경기도 여주시 강변유원지길 107,37.2931047258697,127.667085870216,여주시청,기초자치단체,031-880-4095,http://camp.yjcmc.or.kr/gsmc/index.jsp,"일반야영장(151면),화장실, 전기시설, 샤워실, 상하수도 시설",공유누리(행정안전부),Y
camp-30822,고대산자연휴양림 야영장,일반야영장,일반야영장,서울인천경기,경기도,연천군,경기도 연천군 신서면 고대산길 84-79,38.2112541872947,127.150703599876,연천군청,기초자치단체,031-834-2200,https://www.foresttrip.go.kr/indvz/main.do?hmpgId=ID02030001,"20면,숲속수련원, 방문자센터, 숲속의 집, 휴양관",공유누리(행정안전부),Y
camp-31438,다솔관광농원,일반야영장,일반야영장,서울인천경기,경기도,연천군,경기도 연천군 청정로918번길 123-0,38.0368101131399,126.956717586087,경기관광공사,지방공기업·출자출연기관,010-8723-2813,https://ggtour.or.kr/enjoy/theme.php?tmenu=&smenu=&stitle=&tsort=2&msort=15&board_code=19&board=19&s_category_name=&key=&page=4&mode=detail&no=50790,",전기시설, 상하수도시설",공유누리(행정안전부),Y
camp-31574,세계캠핑체험존,일반야영장,일반야영장,서울인천경기,경기도,연천군,경기도 연천군 전곡읍 선사로 123,38.0073592019283,127.062339559746,연천군청,기초자치단체,031-835-7100,https://www.yccs.or.kr/,"일반야영장(5면),전기시설,상하수도시설,샤워실",공유누리(행정안전부),Y
camp-31559,한탄강관광지 오토캠핑장,카라반,카라반,서울인천경기,경기도,연천군,경기도 연천군 전곡읍 선사로76,38.0088769865378,127.058860391302,연천군시설관리공단,지방공기업·출자출연기관,031-833-0030,https://www.yccs.or.kr/sisul/sisul_01_2/,"카라반(33동), 캐빈(32동), 전기시설,상하수도시설,샤워실",공유누리(행정안전부),Y
camp-31243,맑음터공원 캠핑장,일반야영장,일반야영장,서울인천경기,경기도,오산시,경기도 오산시 오산천로 52-0,37.1382141,127.0645246,오산시청,기초자치단체,031-8036-6891,https://www.osan.go.kr/camping/main.do,"일반(53면), 카라반(7면),취사장,화장실,샤워실",공유누리(행정안전부),Y
camp-31484,별아래 캠핑장,자동차야영장,자동차야영장,서울인천경기,경기도,용인시,경기도 용인시 처인구 양지면 한터로662번길 34-34,37.2561304478905,127.276019079586,용인시청,기초자치단체,031-332-5501,https://ggtour.or.kr/enjoy/camping.php?tmenu=&smenu=&stitle=&tsort=4&msort=144&board_code=19&board=19&s_category_name=&key=&s_category_code1=9&s_category_code1_1=53&no=50519&mode=detail&page=8&s_tag=&s_admin_no=,"15면,하수도시설,전기시설,개수대",공유누리(행정안전부),Y
camp-31052,용인자연휴양림 야영장,카라반,카라반,서울인천경기,경기도,용인시,경기도 용인시 처인구 모현읍 초부로 220,37.3148737194702,127.267844163237,용인도시공사,지방공기업·출자출연기관,031-336-0040,https://www.foresttrip.go.kr/indvz/main.do?hmpgId=ID02030031,"카라반(4동),생태습지, 야영장, 잔디광장, 짚라인, 목재문화체험관",공유누리(행정안전부),Y
camp-31242,레솔레파크야영장,일반야영장,일반야영장,서울인천경기,경기도,의왕시,경기도 의왕시 왕송못동로295,37.3058287314459,126.952782341317,의왕도시공사,지방공기업·출자출연기관,031-8086-7454,http://uiwangpark.uuc.or.kr/reservation/reserve.j네,"글램핑15개소, 카라반10개소, 데크10면,글램핑, 카라반, 데크",공유누리(행정안전부),Y
camp-31537,이천농업테마공원 국민여가캠핑장,일반야영장,일반야영장,서울인천경기,경기도,이천시,경기도 이천시 모가면 공원로 48,37.1796065879343,127.445306512335,이천시청,기초자치단체,031-644-4132,https://2000farmpark.or.kr/,"일반야영장(16면),물놀이장, 농어촌체험시설",공유누리(행정안전부),Y
camp-31381,평화누리 캠핑장,자동차야영장,자동차야영장,서울인천경기,경기도,파주시,경기도 파주시 마정리 1153-3,37.8936958450764,126.744279419394,경기관광공사,지방공기업·출자출연기관,1670-3856,http://imjingakcamping.co.kr/index.html,"일반(112면), 카라반(38면),화장실, 샤워실, 매점",공유누리(행정안전부),Y
camp-31508,소풍정원 캠핑장,자동차야영장,자동차야영장,서울인천경기,경기도,평택시,경기도 평택시 고덕면 궁리 496,37.016753306697,127.020641036479,평택시청,기초자치단체,070-8915-2261,https://www.pyeongtaek.go.kr/camp/main.do,"47면,전기시설,상하수도시설,샤워실",공유누리(행정안전부),Y
camp-gc-011,평택항 국민여가캠핑장,일반야영장,일반야영장/자동차야영장/글램핑/카라반,서울인천경기,경기도,평택시,경기도 평택시 현덕면 장수리 369-3번지,,,,,,,,고캠핑 전국 야영장 등록현황(한국관광공사),N
camp-31435,노원힐링캠핑장,일반야영장,일반야영장,서울인천경기,경기도,포천시,경기도 포천시 이동면 화동로 2530,38.0675303035144,127.387911871013,노원구청,기초자치단체,02-2116-0547,https://www.nowon.kr/www/info/info1/info1_09/info1_09_01.jsp,"일반야영장(35면),계곡 물놀이, 낚시",공유누리(행정안전부),Y
camp-31323,운악레저타운,일반야영장,일반야영장,서울인천경기,경기도,포천시,경기도 포천시 화현면 화동로432번길 26,37.905175982984,127.310633365718,포천시청,기초자치단체,010-8866-0261,http://www.tmon.co.kr/deal/596865370,"9,화장실, 샤워실, 매점",공유누리(행정안전부),Y
camp-31382,포천 비둘기낭 캠핑장,일반야영장,일반야영장,서울인천경기,경기도,포천시,경기도 포천시 영북면 비둘기낭길 116,38.0772342081825,127.222076356281,포천시청,기초자치단체,031-540-6501,http://www.pcuc.kr/open_content/reservation/camping/facilities.jsp,"79,화장실, 샤워실, 매점,산책로,청소년체험시설",공유누리(행정안전부),Y
camp-31557,포천자연마을 서울캠핑장,일반야영장,일반야영장,서울인천경기,경기도,포천시,경기도 포천시 관인면 사정리 136-1,38.1236629095872,127.253376089283,서울특별시청,광역자치단체,031-533-9535,https://www.seoul.go.kr/storyw/campingjang/pocheon.do,"일반야영장(25면),화장실, 샤워실, 매점, 간이수영장, 취사장, 주차장",공유누리(행정안전부),Y
camp-31398,화적연 캠핑장,일반야영장,일반야영장,서울인천경기,경기도,포천시,경기도 포천시 관인면 사정리 75번지,38.1168098260137,127.26178179928,포천시청,기초자치단체,031-531-0575,http://xn--ej5b84a3hy7uz2ikqb.com/,"41,화장실, 샤워실, 매점, 산책로",공유누리(행정안전부),Y
camp-31564,화성시 향남 오토캠핑장,일반야영장,일반야영장,서울인천경기,경기도,화성시,경기도 화성시 향남읍 도이2길 113-26,37.1391286428963,126.929086278802,화성도시공사,지방공기업·출자출연기관,031-8059-4763,https://forest.maketicket.co.kr/ticket/GD90,",전기시설,샤워실,화장실,조리대",공유누리(행정안전부),Y
camp-31414,강동그린웨이 가족캠핑장,자동차야영장,자동차야영장,서울인천경기,서울특별시,강동구,서울 강동구 천호대로206길 87(둔촌동),37.5358730815675,127.154088982849,강동구도시관리공단,지방공기업·출자출연기관,02-2045-7880,https://www.igangdong.or.kr/page/ce/ce_0201.asp,"일반야영장(62면), 자동차야영장사이트(5면),세척장, 숲속쉼터, 연못, 숲속냇가/개울, 화장실",공유누리(행정안전부),Y
camp-31567,우이동 가족캠핑장,일반야영장,일반야영장,서울인천경기,서울특별시,강북구,서울 강북구 삼양로 181길 28,37.6654935281074,127.011494400037,강북구 도시관리공단,지방공기업·출자출연기관,02-944-2941,https://www.seoul.go.kr/storyw/campingjang/ui.do,"일반데크(27면), 글램핑(2동), 전통구들(2동, 21년말 예정), 둘레길, 잔디광장, 매점, 샤워실",공유누리(행정안전부),Y
camp-31548,초안산캠핑장,일반야영장,일반야영장,서울인천경기,서울특별시,노원구,서울특별시 노원구 월계동 750번지,37.6427608651516,127.049854161649,노원구서비스공단,지방공기업·출자출연기관,02-2289-6865,https://www.nowonsc.kr/fmcs/110,"캠핑장(50면) 캐빈(3동),샤워장, 화장실, 매점",공유누리(행정안전부),Y
camp-31436,월드컵공원 노을캠핑장,일반야영장,일반야영장,서울인천경기,서울특별시,마포구,서울 마포구 하늘공원로 108-1,37.5693180364524,126.87851193137,서부공원녹지사업소,기초자치단체,02-304-3213,https://www.seoul.go.kr/storyw/campingjang/noel.do,"일반야영장(134면), 매점, 야외무대, 산책로, 운동장, 농어촌체험시설",공유누리(행정안전부),Y
camp-31594,한강공원 난지캠핑장,일반야영장,일반야영장,서울인천경기,서울특별시,마포구,서울특별시 마포구 한강난지로 28,37.5701840497963,126.872592546411,한강사업본부,지방공기업·출자출연기관,02-304-0061,https://www.seoul.go.kr/storyw/campingjang/nanji.do,"일반캠핑존(83면), 프리캠핑존(36면),전기시설,상하수도시설,샤워시설,화장실,매점,바비큐존,캠핑파이어존",공유누리(행정안전부),Y
camp-31566,중랑캠핑숲 가족캠핑장,일반야영장,일반야영장,서울인천경기,서울특별시,중랑구,서울특별시 중랑구 송림길 160,37.606399332183,127.109453204008,서울특별시청,광역자치단체,02-435-7168,https://www.seoul.go.kr/storyw/campingjang/jungnang.do,"일반(47면),테라스연못, 나들이마당, 청소년독서실, 농촌체험장, 경작체험장, 화장실, 전망대",공유누리(행정안전부),Y
camp-31236,덕산국민여가캠핑장,일반야영장,일반야영장,서울인천경기,인천광역시,강화군,인천시 강화군 내가면 강화서로 227번길 91,37.7175868564636,126.380502987853,강화군시설관리공단,지방공기업·출자출연기관,032-930-7055,https://dscamp.ghss.or.kr/usr/mav/MainView.do,"63,상수도,전기,화장실,취사시설,샤워실,놀이시설",공유누리(행정안전부),Y
camp-31389,함허동천야영장,일반야영장,일반야영장,서울인천경기,인천광역시,강화군,인천광역시 강화군 화도면 해안남로1196번길 38,37.6113333162471,126.452610073585,강화군시설관리공단,지방공기업·출자출연기관,032-930-7066,https://camp.ghss.or.kr/usr/mav/MainView.do,"144,상수도,전기시설,화장실,취사시설,샤워실",공유누리(행정안전부),Y
camp-31286,송도스포츠캠핑장,일반야영장,일반야영장,서울인천경기,인천광역시,연수구,인천시 연수구 인천신항대로 892-50,37.3511626,126.6190968,인천환경공단,지방공기업·출자출연기관,032-899-4888,https://www.gocamping.or.kr/bsite/camp/info/read.do?c_no=1788,"숙영지 : 44석,산책로, 주민편익시설",공유누리(행정안전부),Y
camp-31285,송도스포츠캠핑장,자동차야영장,자동차야영장,서울인천경기,인천광역시,연수구,인천광역시 연수구 송도동 인천신항대로892번길 50,37.3539076627006,126.619489939405,경제자유구역청 송도사업본부 환경녹지과,지방공기업·출자출연기관,032-899-4888,https://www.gocamping.or.kr/bsite/camp/info/read.do?c_no=1788,"18,전기시설,하수도시설",공유누리(행정안전부),Y
camp-31330,인천송도국제캠핑장,일반야영장,일반야영장,서울인천경기,인천광역시,연수구,인천 연수구 지식기반로 60 (송도동),37.3615825200502,126.645876400098,인천시청(경제자유구역청),기초자치단체,032-456-2650,http://forest.maketicket.co.kr/ticket/GD102,"4인기준 텐트존(56개소), 카라반존(6개소),어린이놀인터, 수영장, 발물놀이터, 바닥분수, 취사장(3개소), 화장실(3개소), 샤워장(3개소), 관리동 2층(1개소)",공유누리(행정안전부),Y
camp-31278,서포리 관광지 오토캠핑장,자동차야영장,자동차야영장,서울인천경기,인천광역시,옹진군,인천광역시 옹진군 덕적면 서포리 569-20번지,37.2235572001312,126.11354944686,관광문화진흥과,기초자치단체,032-899-2254,http://deokjeok.co.kr/joy/sea.php,"50,취사장, 화장실, 샤워실 등",공유누리(행정안전부),Y
camp-31297,승봉도 캠핑장,일반야영장,일반야영장,서울인천경기,인천광역시,옹진군,인천광역시 옹진군 자월면 승봉리 771-1번지,37.1723492287604,126.295967867093,도서주거개선과,기초자치단체,010-89812350,https://seungbongcamp.modoo.at/?link=e1o67bdf,"16,취사장, 화장실, 샤워실 등",공유누리(행정안전부),Y
camp-gc-022,(중복제거) 선운산도립공원야영장,일반야영장,일반야영장/자동차야영장/글램핑/카라반,전북,전북특별자치도,고창군,전북특별자치도 고창군 아산면 선운사로 158-62,,,,,,,,고캠핑 전국 야영장 등록현황(한국관광공사),N
camp-gc-023,고창군 국민여가캠핑장,일반야영장,일반야영장/자동차야영장/글램핑/카라반,전북,전북특별자치도,고창군,전북특별자치도 고창군 부안면 복분자로 531,,,,,,,,고캠핑 전국 야영장 등록현황(한국관광공사),N
camp-gc-024,고창군 선운산 국민여가캠핑장,일반야영장,일반야영장/자동차야영장/글램핑/카라반,전북,전북특별자치도,고창군,전북특별자치도 고창군 아산면 선운사로 158-62,,,,,,,,고캠핑 전국 야영장 등록현황(한국관광공사),N
camp-gc-025,동호 국민여가캠핑장,일반야영장,일반야영장/자동차야영장/글램핑/카라반,전북,전북특별자치도,고창군,전북특별자치도 고창군 해리면 명사십리로 839,,,,,,,,고캠핑 전국 야영장 등록현황(한국관광공사),N
camp-gc-026,금강호 국민여가 캠핑장,일반야영장,일반야영장/자동차야영장/글램핑/카라반,전북,전북특별자치도,군산시,전북특별자치도 군산시 성산면 철새로 109,,,,,,,,고캠핑 전국 야영장 등록현황(한국관광공사),N
camp-31198,김제 모악산 캠핑파크,자동차야영장,자동차야영장,전북,전북특별자치도,김제시,전라북도 김제시 금산면 모악로 476-31,35.7159429360455,127.043931253723,김제시청,기초자치단체,"063-540-41968, 9",https://www.gimje.go.kr/tour/index.gimje?menuCd=DOM_000000408002000000,"사이트 11면,화장실, 샤워장, 개수대 등",공유누리(행정안전부),Y
camp-gc-027,남원 백두대간 국민여가캠핑장,일반야영장,일반야영장/자동차야영장/글램핑/카라반,전북,전북특별자치도,남원시,전북특별자치도 남원시 운봉읍 주촌3길 49-4,,,,,,,,고캠핑 전국 야영장 등록현황(한국관광공사),N
camp-31205,남원 에코롯지 캠핑장,일반야영장,일반야영장,전북,전북특별자치도,남원시,전라북도 남원시 운봉읍 운봉로 151,35.3973283480194,127.507930234915,남원시청,기초자치단체,063-620-5752~4,www.namwon.go.kr/reserve/index.do,"숙박동(6실), 캠핑장(31면),샤워장, 화장실, 쉼터",공유누리(행정안전부),Y
camp-31206,남원 트리하우스 캠핑장,일반야영장,일반야영장,전북,전북특별자치도,남원시,남원시 운봉읍 행정공안길 299일원 체육휴양시설,35.3953437090486,127.540949927742,남원시청,기초자치단체,"063-620-5754, 5590",www.namwon.go.kr/reserve/index.do,"트리하우스(8동), 캠핑장(6면),샤워장, 화장실, 쉼터",공유누리(행정안전부),Y
camp-30958,무주반디랜드 청소년야영장,일반야영장,일반야영장,전북,전북특별자치도,무주군,전라북도 무주군 설천면 무설로 1324,36.0121725196458,127.76131692236,무주군청,기초자치단체,063-320-5641,https://tour.muju.go.kr/bandiland/index.do,"30면,박믈관, 천문과학관, 청소년수련원, 야외물놀이장",공유누리(행정안전부),Y
camp-30960,무주향로산자연휴양림 야영장,일반야영장,일반야영장,전북,전북특별자치도,무주군,전라북도 무주군 무주읍 무학로153-36,36.0240094637095,127.669893579793,무주군청,기초자치단체,063-322-6884,https://www.foresttrip.go.kr/indvz/main.do?hmpgId=ID02030108,"21면,세미나실, 회의실, 인공폭포, 모노레일",공유누리(행정안전부),Y
camp-31256,변산 오토캠핑장,자동차야영장,자동차야영장,전북,전북특별자치도,부안군,전라북도 부안군 변산면 변산로 2054,35.6824139543607,126.533669638663,부안군청,기초자치단체,010-8600-0960,http://byeon-san.co.kr/,"사이트(29면),샤워실, 화장실, 전기시설, 산책로, 해수욕장",공유누리(행정안전부),Y
camp-31352,줄포만갯벌생태공원 캠핑장,일반야영장,일반야영장,전북,전북특별자치도,부안군,전라북도 부안군 줄포면 생태공원로 38,35.5829846730757,126.674130647965,부안군청,기초자치단체,063-580-3173,https://julpoman.buan.go.kr,"사이트 11개,샤워실, 화장실, 전기시설, 산책로",공유누리(행정안전부),Y
camp-31208,녹두장군 전봉준관,일반야영장,일반야영장,전북,전북특별자치도,순창군,전라북도 순창군 쌍치면 피노길 65-29,35.5241432631578,127.012496715271,순창군청,기초자치단체,063-650-1633,https://korean.visitkorea.or.kr/detail/ms_detail.do?cotid=95f33c6d-bdd4-4c7c-b4c7-c1fa9fc3bafd,"일반(4면), 숙소(3실),화장실,취사시설,샤워실",공유누리(행정안전부),Y
camp-31279,섬진강 마실휴양숙박시설단지,일반야영장,일반야영장,전북,전북특별자치도,순창군,전라북도 순창군 적성면 강경길 76-165,35.4603974771366,127.20119293219,순창군청,기초자치단체,010-9474-6785,https://blog.naver.com/happyinki1,"34면,계곡 물놀이,산책로,낚시,강/물놀이",공유누리(행정안전부),Y
camp-31603,섬진강향가오토캠핑장,글램핑,글램핑,전북,전북특별자치도,순창군,전라북도 순창군 풍산면 향가로 575,35.3391088616121,127.191858078747,순창군청,기초자치단체,063-652-9001,http://섬진강향가오토캠핑장.com/?r=home&c=5/19,"글램핑(10동),수영장, 화장실, 놀이터, 돌담길, 등산로, 취사장, 잔디구장",공유누리(행정안전부),Y
camp-30824,고산자연휴양림 야영장,카라반,카라반,전북,전북특별자치도,완주군,전라북도 완주군 고산면 고산휴양림로 246,35.9622420535993,127.232871881362,완주군청,기초자치단체,"063-263-8680, 290-2765",https://www.foresttrip.go.kr/indvz/main.do?hmpgId=ID02030025,"9대,대회의실, 산림교육센터, 산림바이오매스홍보관, 무궁화전시관, 테마공원, 천문대, 과학관, 다목적운동장",공유누리(행정안전부),Y
camp-31325,웅포관광지 캠핑장,일반야영장,일반야영장,전북,전북특별자치도,익산시,전라북도 익산시 웅포면 강변로 25,36.0658139063777,126.875419272598,익산시청,기초자치단체,063-862-1578,http://camping.iksan.go.kr,"일반(58면), 오토(6면),상하수도, 개수대, 샤워장산책로, 족구장, 벽천폭포 등",공유누리(행정안전부),Y
camp-gc-028,성수산 왕의숲 국민여가캠핑장,일반야영장,일반야영장/자동차야영장/글램핑/카라반,전북,전북특별자치도,임실군,전북특별자치도 임실군 성수면 성수산길 374,,,,,,,,고캠핑 전국 야영장 등록현황(한국관광공사),N
camp-gc-029,오수의견 국민여가캠핑장,일반야영장,일반야영장/자동차야영장/글램핑/카라반,전북,전북특별자치도,임실군,전북특별자치도 임실군 오수면 의견로 3,,,,,,,,고캠핑 전국 야영장 등록현황(한국관광공사),N
camp-31254,방화동 가족휴가촌 오토캠핑장,일반야영장,일반야영장,전북,전북특별자치도,장수군,전라북도 장수군 번암면 방화동로 778,35.5906404383954,127.526876372552,장수군청,기초자치단체,063-353-0855,https://www.foresttrip.go.kr/indvz/main.do?hmpgId=ID02030082,"67개,숲속의집, 산림욕장, 인공폭포 등",공유누리(행정안전부),Y
camp-30970,방화동자연휴양림 야영장,자동차야영장,자동차야영장,전북,전북특별자치도,장수군,전라북도 장수군 번암면 방화동로 778,35.5906404383954,127.526876372552,장수군청,기초자치단체,063-350-2474,https://www.foresttrip.go.kr/indvz/main.do?hmpgId=ID02030082,"자동차(56면), 카라반(11면), ,숲속의집, 산림욕장, 인공폭포, 생태길, 식당, 바비큐장, 족구장",공유누리(행정안전부),Y
camp-31046,와룡자연휴양림 야영장,일반야영장,일반야영장,전북,전북특별자치도,장수군,전라북도 장수군 천천면 비룡로 632,35.6762188480685,127.477217883583,장수군청,기초자치단체,063-350-2477,https://www.foresttrip.go.kr/indvz/main.do?hmpgId=ID02030084,"야영데크(18면),식당, 세미나살, 물놀이장, 산림욕장, 전망대, 바비큐장",공유누리(행정안전부),Y
camp-31543,장수누리파크 오토캠핑장,일반야영장,일반야영장,전북,전북특별자치도,장수군,전라북도 장수군 장수읍 논개사당길 65,35.6410721881184,127.523247709671,장수군청,기초자치단체,063-352-5660,https://www.gocamping.or.kr/bsite/camp/info/read.do?c_no=2659&viewType=read01,"자동차야영장사이트(19면),상하수도, 전기시설, 화장실, 취사시설, 샤워실",공유누리(행정안전부),Y
camp-31344,정읍시 내장산 국민여가캠핑장,일반야영장,일반야영장,전북,전북특별자치도,정읍시,전라북도 정읍시 내장산로 410(부전동),35.5241483303739,126.895632792868,정읍시청,기초자치단체,063-538-7955,http://www.jeongeup.go.kr/reserve/board/list.jeongeup?boardId=BBS_0000226&menuCd=DOM_000001207001006000&contentsSid=3645&cpath=%2Freserve,"일반(29면), 오토(31면), 이글루(5면),화장실, 취사장, 샤워장",공유누리(행정안전부),Y
camp-gc-030,운일암반일암 국민여가캠핑장,일반야영장,일반야영장/자동차야영장/글램핑/카라반,전북,전북특별자치도,진안군,전북특별자치도 진안군 주천면 동상주천로 1996-13,,,,,,,,고캠핑 전국 야영장 등록현황(한국관광공사),N
camp-30987,붉은오름자연휴양림 야영장,일반야영장,일반야영장,제주,제주특별자치도,서귀포시,제주특별자치도 서귀포시 표선면 남조로 1487-73,33.4014287623403,126.675670597493,서귀포시청,기초자치단체,064-782-9171,https://www.foresttrip.go.kr/indvz/main.do?hmpgId=ID02030014,"야영데크(15면),야외공연장, 세미나실",공유누리(행정안전부),Y
camp-31000,서귀포자연휴양림 야영장,일반야영장,일반야영장,제주,제주특별자치도,서귀포시,제주특별자치도 서귀포시 1100로 882,33.3115019573202,126.458754738051,서귀포시산림휴양관리소,기초자치단체,064-738-4544,https://www.foresttrip.go.kr/indvz/main.do?hmpgId=ID02030013,"야영데크(42면),세미나실, 족구장, 생태탐방로",공유누리(행정안전부),Y
camp-30835,교래자연휴양림 야영장,일반야영장,일반야영장,제주,제주특별자치도,제주시,제주특별자치도 제주시 조천읍 남조로 2023,33.4513645690599,126.656710998359,제주시청,광역자치단체,064-783-7482,https://www.foresttrip.go.kr/indvz/main.do?hmpgId=ID02030056,"야영데크(20면), 노지(15면),야외공연장, 풋살경기장, 다목적운동장",공유누리(행정안전부),Y
camp-31184,괴강국민여가캠핑장,자동차야영장,자동차야영장,충북,충청북도,괴산군,충청북도 괴산군 괴산읍 충민로검승3길 10,36.8067613111521,127.82529170997,괴산군청,기초자치단체,010-8648-2901,https://jwyccamp.kr/,"일반(52면), 자동차(5면),산책로, 수영장, 물놀이장, 개수대, 샤워실",공유누리(행정안전부),Y
camp-31010,성불산자연휴양림 야영장,일반야영장,일반야영장,충북,충청북도,괴산군,충청북도 괴산군 괴산읍 충민로기곡길 78,36.8080470124685,127.846768764291,괴산군청,기초자치단체,043-830-2679,https://www.foresttrip.go.kr/indvz/main.do?hmpgId=ID02030070,"15면,생태숲학습관, 생태공원, 미선향테마파크, 유아숲체험원, 동화의숲, 세미나실",공유누리(행정안전부),Y
camp-31397,화양동 야영장,일반야영장,일반야영장,충북,충청북도,괴산군,충청북도 괴산군 청천면 화양로 733-38,36.6830251963508,127.806526177265,괴산군청,기초자치단체,010-2368-1544,http://hwayangcamp.com/,"100,수영장",공유누리(행정안전부),Y
camp-31210,다리안관광지,글램핑,글램핑,충북,충청북도,단양군,충청북도 단양군 단양읍 천동리 380-1,36.9664113213726,128.419573119578,단양관광관리공단,지방공기업·출자출연기관,043-423-1243,http://www.danyangcamping.com/pension_resv/resv_form1.htm,"원두막(24동), 돔하우스(4동),샤워시설",공유누리(행정안전부),Y
camp-31440,단양팔경투어,자동차야영장,자동차야영장,충북,충청북도,단양군,충청북도 단양군 단양읍 고수리 91-3,36.9856772306753,128.380842866225,단양군청,기초자치단체,043-421-7721,http://www.danyangtour.net/tourlistv.php?stcodetw=01-05,",샤워시설",공유누리(행정안전부),Y
camp-31229,대강오토캠핑장,자동차야영장,자동차야영장,충북,충청북도,단양군,충청북도 단양군 대강면 사인암로 683-77,36.9192982118882,128.355134264825,단양관광관리공단,지방공기업·출자출연기관,043-421-7880,https://camp.dtmc.or.kr:452/,"자동차(36면),샤워시설",공유누리(행정안전부),Y
camp-31283,소선암 오토캠핑장,자동차야영장,자동차야영장,충북,충청북도,단양군,충청북도 단양군 단성면 선암계곡로 1656,36.9261256981732,128.311123890876,단양관광관리공단,지방공기업·출자출연기관,043-423-0599,https://www.eco-i.or.kr/sportsPark/main/main.asp,"자동차(65면),샤워시설",공유누리(행정안전부),Y
camp-31359,천동오토캠핑장,자동차야영장,자동차야영장,충북,충청북도,단양군,충청북도 단양군 단양읍 천동리 201,36.9729832381444,128.417714970617,단양관광관리공단,지방공기업·출자출연기관,043-420-3589,https://camp.dtmc.or.kr:452/facility.asp?location=003,"일반(31면),자동차(39면),계곡 물놀이,산책로,어린이놀이시설",공유누리(행정안전부),Y
camp-gc-034,보은국민여가캠핑장,일반야영장,일반야영장/자동차야영장/글램핑/카라반,충북,충청북도,보은군,충청북도 보은군 보은읍 속리산로 30,,,,,,,,고캠핑 전국 야영장 등록현황(한국관광공사),N
camp-31289,송호리 국민관광지 야영장,자동차야영장,자동차야영장,충북,충청북도,영동군,충청북도 영동군 양산면 송호리 299-1,36.1308908,127.6770123,영동군청,기초자치단체,043-740-3228,https://yd21.go.kr/portal/html/sub01/0101.html,"일반야영장(100면), 물놀이장, 화장실, 취사장",공유누리(행정안전부),Y
camp-31063,장령산자연휴양림 야영장,일반야영장,일반야영장,충북,충청북도,옥천군,충청북도 옥천군 군서면 장령산로 519,36.2448673700338,127.554749694949,옥천군청,기초자치단체,043-733-9615,https://www.foresttrip.go.kr/indvz/main.do?hmpgId=ID02030036,"야영데크(34면), 정자(9동), 파라솔(4면),대회의실, 식당, 야외음악당",공유누리(행정안전부),Y
camp-30973,백야자연휴양림 야영장,자동차야영장,자동차야영장,충북,충청북도,음성군,충청북도 음성군 금왕읍 백야로 461-97,36.956838518093,127.609649779098,음성군청,기초자치단체,043-871-5922,https://www.foresttrip.go.kr/indvz/main.do?hmpgId=ID02030016,"26면,물놀이장, 산책로, 화장실",공유누리(행정안전부),Y
camp-31290,수레의산 국민여가 캠핑장,일반야영장,일반야영장,충북,충청북도,음성군,충청북도 음성군 생극면 차곡리 151,37.0400588618467,127.652328133362,음성군청,기초자치단체,043-878-2013,http://www.eumseong.go.kr/forest/contents.do?key=1828,",계곡 물놀이,산책로,낚시,어린이놀이시설",공유누리(행정안전부),Y
camp-31024,수레의산자연휴양림 야영장,자동차야영장,자동차야영장,충북,충청북도,음성군,충청북도 음성군 생극면 차생로 310-108,37.0388891480413,127.651385542717,음성군청,기초자치단체,043-878-2013,https://www.foresttrip.go.kr/indvz/main.do?hmpgId=ID02030017,"자동차야영(33면),물놀이장, 산책로, 화장실",공유누리(행정안전부),Y
camp-30968,박달재자연휴양림 야영장,일반야영장,일반야영장,충북,충청북도,제천시,충청북도 제천시 백운면 금봉로 223,37.1480635588463,128.045292960919,제천시청,기초자치단체,043-652-0910,https://www.foresttrip.go.kr/indvz/main.do?hmpgId=ID02030062,"55면,계곡, 물놀이장",공유누리(행정안전부),Y
camp-31347,제천 하늘뜨레 서울캠핑장,자동차야영장,자동차야영장,충북,충청북도,제천시,충청북도 제천시 송학면 송한리 543,37.2212117756023,128.236620286466,제천시청,기초자치단체,043-652-3926,https://blog.naver.com/seoul_camp/221499393337,"일반(20면),산책로,운동장,낚시,어린이놀이시설",공유누리(행정안전부),Y
camp-31349,좌구산오토캠핑장,자동차야영장,자동차야영장,충북,충청북도,증평군,충청북도 증평군 증평읍 율리휴양로 418,36.7138287206484,127.649697034989,증평군청,기초자치단체,043-835-4592,https://www.foresttrip.go.kr/indvz/main.do?hmpgId=ID02030089,"11,화장실, 휴게정자, 샤워실 등",공유누리(행정안전부),Y
camp-31071,좌구산휴양랜드 야영장,자동차야영장,자동차야영장,충북,충청북도,증평군,충청북도 증평군 증평읍 솟점말길 107,36.7055682132374,127.651121640168,증평군휴양공원사업소,기초자치단체,043-835-4551,https://www.foresttrip.go.kr/indvz/main.do?hmpgId=ID02030089,"11면,좌구산 줄타기, 썰매장, 명상 구름다리, 명상의 집, 천문대, 운동장",공유누리(행정안전부),Y
camp-gc-035,문암생태공원,일반야영장,일반야영장/자동차야영장/글램핑/카라반,충북,충청북도,청주시,충청북도 청주시 흥덕구 무심서로 1097 (문암동),,,,,,,,고캠핑 전국 야영장 등록현황(한국관광공사),N
camp-31044,옥화자연휴양림 오토캠핑장,자동차야영장,자동차야영장,충북,충청북도,청주시,충청북도 청주시 상당구 미원면 운암옥화길140,36.5989501183999,127.694371568372,청주시시설관리공단,지방공기업·출자출연기관,043-270-7384,https://www.foresttrip.go.kr/indvz/main.do?hmpgId=ID02030054,"야영데크(40면),물놀이장, 족구장, 숲속놀이터, 다목적실, 산책로",공유누리(행정안전부),Y
camp-31391,현도오토캠핑장,자동차야영장,자동차야영장,충북,충청북도,청주시,충청북도 청주시 서원구 현도면 중척리 652,36.4706138959898,127.402597436582,청주시시설관리공단,지방공기업·출자출연기관,043-270-7388,https://crs.cjsisul.or.kr/pGuide/int01001_list.do?actionType=fac_guide&menu_id=A01,"캠핑사이트 40면, 관리동 1동 화장·샤워실4동 취사장2동, 화장실,샤워실",공유누리(행정안전부),Y
camp-30962,문성자연휴양림 야영장,일반야영장,일반야영장,충북,충청북도,충주시,충청북도 충주시 노은면 우성1길 191,37.0283260238779,127.75252166661,충주시설관리공단,지방공기업·출자출연기관,043-870-7911,https://www.foresttrip.go.kr/indvz/main.do?hmpgId=ID02030055,"12면,유아숲체험원, 목재문화체험장, 짚라인, 세미나실, 식당, 산책로",공유누리(행정안전부),Y
camp-30982,봉황자연휴양림 야영장,카라반,카라반,충북,충청북도,충주시,충청북도 충주시 중앙탑면 수룡봉황길540,37.0565222839363,127.829746486391,충주시설관리공단,지방공기업·출자출연기관,043-870-7920,https://www.foresttrip.go.kr/indvz/main.do?hmpgId=ID02030051,"야영장(5면), 카라반(6동),계곡, 산책로",공유누리(행정안전부),Y
camp-31563,행복숲 체험원,자동차야영장,자동차야영장,충북,충청북도,충주시,충청북도 충주시 노은면 우성1길 191,37.0283260238779,127.75252166661,충주시시설관리공단,지방공기업·출자출연기관,043-870-7911,https://www.cjfmc.or.kr/hbf/index.do,"오토캠핑장(20면) 문성자연휴양림(숲속의집5동 외 22동 숙박가능),산책로,운동장,농어촌체험시설",공유누리(행정안전부),Y
