name,sido,sigungu,address,general_site,auto_site,glamping,caravan,permit_date,tier,source,verified,operator_class,forest_overlap
폭포골자연휴양림야영장,강원특별자치도,강릉시,강원특별자치도 강릉시 연곡면 황어대길 46-3,20,40,0,0,2016-05-10,A,고캠핑 전국 야영장 등록현황(한국관광공사),N,사립·민간,Y
가곡 유황온천 국민여가캠핑장,강원특별자치도,삼척시,강원특별자치도 삼척시 가곡면 가곡천로 1512,0,0,0,15,2023-04-05,A,고캠핑 전국 야영장 등록현황(한국관광공사),N,지자체,N
속초해변 국민여가 캠핑장,강원특별자치도,속초시,강원특별자치도 속초시 해오름로 177 (조양동),0,56,0,0,2014-03-06,A,고캠핑 전국 야영장 등록현황(한국관광공사),N,지자체,N
상동 선바위골 국민여가캠핑장,강원특별자치도,영월군,강원특별자치도 영월군 상동읍 선바위길 72,6,0,6,0,2022-05-30,A,고캠핑 전국 야영장 등록현황(한국관광공사),N,지자체,N
피노키오 자연휴양림 야영장,강원특별자치도,원주시,강원특별자치도 원주시 신림면 소야1길 72,80,20,0,0,2016-01-26,A,고캠핑 전국 야영장 등록현황(한국관광공사),N,사립·민간,Y
갯골자연휴양림 야영장,강원특별자치도,인제군,강원특별자치도 인제군 인제읍 남북리 709,0,15,0,0,2023-09-27,A,고캠핑 전국 야영장 등록현황(한국관광공사),N,사립·민간,Y
진동리 국민여가캠핑장 by zapza,강원특별자치도,인제군,강원특별자치도 인제군 기린면 진동리 618번지,44,0,0,0,2021-06-11,A,고캠핑 전국 야영장 등록현황(한국관광공사),N,지자체,N
구곡폭포 국민여가 캠핑장,강원특별자치도,춘천시,강원특별자치도 춘천시 남산면 강촌구곡길 324,10,0,0,0,2020-05-28,A,고캠핑 전국 야영장 등록현황(한국관광공사),N,지자체,N
청평사 국민여가 캠핑장,강원특별자치도,춘천시,강원특별자치도 춘천시 북산면 오봉산길 630,12,7,0,0,2021-05-17,A,고캠핑 전국 야영장 등록현황(한국관광공사),N,지자체,N
태백산국립공원 소도야영장,강원특별자치도,태백시,강원특별자치도 태백시 천제단길 181 (소도동),0,52,0,20,2023-03-15,A,고캠핑 전국 야영장 등록현황(한국관광공사),N,국가기관(국립공원공단·산림청),N
태백산국립공원야영장,강원특별자치도,태백시,강원특별자치도 태백시 소도동,0,0,0,0,2015-07-31,A,고캠핑 전국 야영장 등록현황(한국관광공사),N,국가기관(국립공원공단·산림청),N
평창 국민여가캠핑장,강원특별자치도,평창군,강원특별자치도 평창군 방림면 뇌운계곡로 829,34,9,0,0,2023-05-16,A,고캠핑 전국 야영장 등록현황(한국관광공사),N,지자체,N
만산동 국민여가 캠핑장,강원특별자치도,화천군,강원특별자치도 화천군 상서면 구운리 1174,0,0,0,0,2017-05-26,A,고캠핑 전국 야영장 등록현황(한국관광공사),N,지자체,N
THATS CAMPING 횡성자연휴양림야영장,강원특별자치도,횡성군,강원특별자치도 횡성군 갑천면정포로430번길 113,0,60,5,0,2015-05-29,A,고캠핑 전국 야영장 등록현황(한국관광공사),N,사립·민간,Y
솔밭체육공원오토캠핑장,강원특별자치도,횡성군,강원특별자치도 횡성군 공근면 도곡로14번길 61,30,6,0,4,2015-09-05,A,고캠핑 전국 야영장 등록현황(한국관광공사),N,지자체,N
주천강 자연휴양림,강원특별자치도,횡성군,강원특별자치도 횡성군 둔내면 강변로영랑6길 115,37,0,0,0,2015-07-20,A,고캠핑 전국 야영장 등록현황(한국관광공사),N,지자체,Y
청태산자연휴양림캠핑장,강원특별자치도,횡성군,강원특별자치도 횡성군 둔내면 청태산로 610,0,0,0,0,2015-05-29,A,고캠핑 전국 야영장 등록현황(한국관광공사),N,국가기관(국립공원공단·산림청),Y
초막골생태공원 느티나무야영장,경기도,군포시,경기도 군포시 산본동 919,47,0,18,0,2016-06-20,A,고캠핑 전국 야영장 등록현황(한국관광공사),N,지자체,N
(주)수동자연마을 힐링별밤수목원캠핑장,경기도,남양주시,경기도 남양주시 수동면 비룡로 1516-17,40,40,0,0,2015-05-19,A,고캠핑 전국 야영장 등록현황(한국관광공사),N,사립·민간,N
너리굴문화마을 캠핑장,경기도,안성시,경기도 안성시 보개면 너리굴길 100,30,20,0,0,2019-10-02,A,고캠핑 전국 야영장 등록현황(한국관광공사),N,사립·민간,N
장흥수목원 캠핑장,경기도,양주시,경기도 양주시 장흥면 권율로309번길 169,0,0,0,0,2015-06-17,A,고캠핑 전국 야영장 등록현황(한국관광공사),N,사립·민간,N
국립자연휴양림관리소(중미산자연휴양림),경기도,양평군,경기도 양평군 옥천면 중미산로 1152,0,0,0,0,2015-05-18,A,고캠핑 전국 야영장 등록현황(한국관광공사),N,국가기관(국립공원공단·산림청),Y
양평수목원 캠핑장,경기도,양평군,경기도 양평군 지평면 옥현리 1504-5,0,119,0,5,2016-05-17,A,고캠핑 전국 야영장 등록현황(한국관광공사),N,사립·민간,N
바라산자연휴양림 야영장,경기도,의왕시,경기도 의왕시 바라산로 84 (학의동),0,0,0,0,2015-04-24,A,고캠핑 전국 야영장 등록현황(한국관광공사),N,지자체,Y
123 치유의숲 야영장,경기도,파주시,경기도 파주시 월롱면 용상골길 357,0,0,0,0,2018-08-20,A,고캠핑 전국 야영장 등록현황(한국관광공사),N,사립·민간,N
평택항 국민여가캠핑장,경기도,평택시,경기도 평택시 현덕면 장수리 369-3번지,0,32,0,0,2023-11-13,A,고캠핑 전국 야영장 등록현황(한국관광공사),N,지자체,N
국망봉 자연휴양림캠핑장,경기도,포천시,경기도 포천시 이동면 장암리 산74,14,0,0,0,2016-07-22,A,고캠핑 전국 야영장 등록현황(한국관광공사),N,지자체,Y
금동휴양림캠프1,경기도,포천시,경기도 포천시 신북면 탑신로1112번길 7-91,0,0,0,0,2023-01-20,A,고캠핑 전국 야영장 등록현황(한국관광공사),N,사립·민간,Y
금동휴양림캠프2,경기도,포천시,경기도 포천시 신북면 탑신로1112번길 7-40,0,26,0,0,2022-10-27,A,고캠핑 전국 야영장 등록현황(한국관광공사),N,사립·민간,Y
금동휴양림캠프3,경기도,포천시,경기도 포천시 신북면 탑신로1112번길 7-105,0,0,0,0,2023-08-24,A,고캠핑 전국 야영장 등록현황(한국관광공사),N,사립·민간,Y
닥박골 휴양림,경기도,포천시,경기도 포천시 신북면 심곡리 616,0,39,0,0,2016-02-15,A,고캠핑 전국 야영장 등록현황(한국관광공사),N,사립·민간,Y
수목원 맛있는 글램핑,경기도,포천시,경기도 포천시 소흘읍 직동길 28,0,0,0,0,2015-09-11,A,고캠핑 전국 야영장 등록현황(한국관광공사),N,사립·민간,N
수목원프로방스 캠핑장,경기도,포천시,경기도 포천시 신북면 탑신로 1066,0,54,0,0,2017-01-13,A,고캠핑 전국 야영장 등록현황(한국관광공사),N,사립·민간,N
무봉산 자연휴양림,경기도,화성시,경기도 화성시 동탄순환대로24길 185 (중동),13,0,0,0,2025-07-04,A,고캠핑 전국 야영장 등록현황(한국관광공사),N,지자체,Y
거창 국민여가캠핑장,경상남도,거창군,경상남도 거창군 북상면 덕유월성로 1312-96,19,0,7,0,2014-06-10,A,고캠핑 전국 야영장 등록현황(한국관광공사),N,지자체,N
남해 힐링국민여가캠핑장,경상남도,남해군,경상남도 남해군 이동면 성남로 79-14,35,0,0,0,2021-12-02,A,고캠핑 전국 야영장 등록현황(한국관광공사),N,지자체,N
밀양 도래재 자연휴양림 야영장,경상남도,밀양시,경상남도 밀양시 단장면 도래재로 462,0,0,0,0,2024-04-02,A,고캠핑 전국 야영장 등록현황(한국관광공사),N,지자체,Y
사천 케이블카 자연휴양림,경상남도,사천시,경상남도 사천시 실안길 242-45 (실안동),0,0,0,0,2021-08-24,A,고캠핑 전국 야영장 등록현황(한국관광공사),N,사립·민간,Y
원동자연휴양림,경상남도,양산시,경상남도 양산시 원동면 내포리 산171,50,0,0,0,2016-05-16,A,고캠핑 전국 야영장 등록현황(한국관광공사),N,지자체,Y
자굴산 자연휴양림 야영장,경상남도,의령군,경상남도 의령군 가례면 자굴산휴양로 23,0,0,0,0,2025-07-01,A,고캠핑 전국 야영장 등록현황(한국관광공사),N,지자체,Y
월아산 자연휴양림,경상남도,진주시,경상남도 진주시 진성면 달음산로 313,5,0,7,0,2022-07-27,A,고캠핑 전국 야영장 등록현황(한국관광공사),N,지자체,Y
창원휴양림 오토캠핑장,경상남도,창원시,경상남도 창원시 마산합포구 구산면 석곡로 342-2,120,0,0,0,2015-04-14,A,고캠핑 전국 야영장 등록현황(한국관광공사),N,지자체,Y
팔공산국립공원 갓바위야영장,경상북도,경산시,경상북도 경산시 와촌면 갓바위로 596,24,0,0,0,2022-04-15,A,고캠핑 전국 야영장 등록현황(한국관광공사),N,국가기관(국립공원공단·산림청),N
가야산국립공원 백운동야영장,경상북도,성주군,경상북도 성주군 수륜면 백운리 1833-2,0,26,0,0,2015-08-03,A,고캠핑 전국 야영장 등록현황(한국관광공사),N,국가기관(국립공원공단·산림청),N
학가산 우래 자연휴양림,경상북도,예천군,경상북도 예천군 보문면 휴양림길 210,30,0,0,0,2015-08-11,A,고캠핑 전국 야영장 등록현황(한국관광공사),N,사립·민간,Y
울릉군국민여가캠핑장,경상북도,울릉군,경상북도 울릉군 서면 울릉순환로 1580,0,0,0,0,2015-05-06,A,고캠핑 전국 야영장 등록현황(한국관광공사),N,지자체,N
청도자연휴양림,경상북도,청도군,경상북도 청도군 각북면 비슬산길 111-25,12,20,0,0,2022-06-17,A,고캠핑 전국 야영장 등록현황(한국관광공사),N,지자체,Y
주왕산국립공원 상의자동차 야영장,경상북도,청송군,경상북도 청송군 주왕산면 상의리 368,0,60,0,0,2015-08-03,A,고캠핑 전국 야영장 등록현황(한국관광공사),N,국가기관(국립공원공단·산림청),N
포항국민여가캠핑장,경상북도,포항시,경상북도 포항시 남구 연일읍 중명길 175,0,0,0,0,2019-10-30,A,고캠핑 전국 야영장 등록현황(한국관광공사),N,지자체,N
광산구 국민여가 친환경 오토캠핑장,광주광역시,광산구,광주광역시 광산구 탑동길 345 (지산동),0,0,0,28,2021-01-20,A,고캠핑 전국 야영장 등록현황(한국관광공사),N,지자체,N
네이처파크 자연휴양림,대구광역시,달성군,대구광역시 달성군 가창면 가창로175길 8,0,0,0,0,2015-07-28,A,고캠핑 전국 야영장 등록현황(한국관광공사),N,사립·민간,Y
"포레스트12 (인허가 정보 X, 대구시청에서 폐업처리 요청)",대구광역시,달성군,대구광역시 달성군 가창면 가창로 891,35,0,0,0,2015-07-28,A,고캠핑 전국 야영장 등록현황(한국관광공사),N,사립·민간,N
팔공산국립공원 도학 야영장,대구광역시,동구,대구광역시 동구 팔공산로237길 47 (도학동),0,29,0,0,2015-06-04,A,고캠핑 전국 야영장 등록현황(한국관광공사),N,국가기관(국립공원공단·산림청),N
산디마을 생태공원 캠핑장,대전광역시,대덕구,대전광역시 대덕구 장동 685-1,17,0,0,0,2015-05-15,A,고캠핑 전국 야영장 등록현황(한국관광공사),N,지자체,N
삼락생태공원 오토캠핑장,부산광역시,사상구,부산광역시  사상구 삼락동 29-59,50,62,0,0,2014-07-21,A,고캠핑 전국 야영장 등록현황(한국관광공사),N,지자체,N
덕적도 자연휴양림 야영장,인천광역시,옹진군,인천광역시 옹진군 덕적면 덕적남로 220,6,0,0,0,2025-01-07,A,고캠핑 전국 야영장 등록현황(한국관광공사),N,지자체,Y
(중복제거) 백운산 자연휴양림 자동차야영장,전라남도,광양시,전라남도 광양시 옥룡면 백계로 337,33,27,0,3,2016-07-29,A,고캠핑 전국 야영장 등록현황(한국관광공사),N,지자체,Y
느랭이골 자연휴양림 일반야영장,전라남도,광양시,전라남도 광양시 다압면 신원리 산125,0,0,35,0,2016-08-11,A,고캠핑 전국 야영장 등록현황(한국관광공사),N,사립·민간,Y
백운제 농어촌테마공원 자동차 야영장,전라남도,광양시,전라남도 광양시 봉강면 지곡길 212,0,0,0,0,2018-08-20,A,고캠핑 전국 야영장 등록현황(한국관광공사),N,지자체,N
산수유자연휴양림 숲속야영장,전라남도,구례군,전라남도 구례군 산동면 탑정리 산 20-3,0,0,0,0,2024-06-13,A,고캠핑 전국 야영장 등록현황(한국관광공사),N,지자체,Y
영암군 국민여가 캠핑장,전라남도,영암군,전라남도 영암군 영암읍 회문리 산 1번지,33,0,0,0,2019-07-12,A,고캠핑 전국 야영장 등록현황(한국관광공사),N,지자체,N
월출산국립공원 천황야영장,전라남도,영암군,전라남도 영암군 영암읍 천황사로 280-73,25,0,0,0,2015-08-04,A,고캠핑 전국 야영장 등록현황(한국관광공사),N,국가기관(국립공원공단·산림청),N
다도해해상국립공원 구계등야영장,전라남도,완도군,전라남도 완도군 완도읍 구계등길 47-1,14,0,0,0,2022-12-26,A,고캠핑 전국 야영장 등록현황(한국관광공사),N,국가기관(국립공원공단·산림청),N
편백힐 치유의숲 야영장,전라남도,장성군,전라남도 장성군 북하면 하남실길 212,23,0,0,0,2016-11-17,A,고캠핑 전국 야영장 등록현황(한국관광공사),N,사립·민간,N
정남진리조트 국민여가캠핑장,전라남도,장흥군,전라남도 장흥군 부산면 심천공원길 25-27,0,0,0,0,2015-12-11,A,고캠핑 전국 야영장 등록현황(한국관광공사),N,지자체,N
하늘빛수목원,전라남도,장흥군,전라남도 장흥군 용산면 장흥대로 2746,0,0,11,0,2017-07-24,A,고캠핑 전국 야영장 등록현황(한국관광공사),N,사립·민간,N
한천 자연휴양림,전라남도,화순군,전라남도 화순군 한천면 죽헌로 719,0,15,0,4,,A,고캠핑 전국 야영장 등록현황(한국관광공사),N,지자체,Y
(중복제거) 선운산도립공원야영장,전북특별자치도,고창군,전북특별자치도 고창군 아산면 선운사로 158-62,31,8,6,0,2015-08-05,A,고캠핑 전국 야영장 등록현황(한국관광공사),N,지자체,N
고창군 국민여가캠핑장,전북특별자치도,고창군,전북특별자치도 고창군 부안면 복분자로 531,33,0,0,10,2013-09-03,A,고캠핑 전국 야영장 등록현황(한국관광공사),N,지자체,N
고창군 선운산 국민여가캠핑장,전북특별자치도,고창군,전북특별자치도 고창군 아산면 선운사로 158-62,37,0,6,0,2021-06-23,A,고캠핑 전국 야영장 등록현황(한국관광공사),N,지자체,N
동호 국민여가캠핑장,전북특별자치도,고창군,전북특별자치도 고창군 해리면 명사십리로 839,30,0,0,0,2023-01-18,A,고캠핑 전국 야영장 등록현황(한국관광공사),N,지자체,N
금강호 국민여가 캠핑장,전북특별자치도,군산시,전북특별자치도 군산시 성산면 철새로 109,13,28,0,0,2024-10-30,A,고캠핑 전국 야영장 등록현황(한국관광공사),N,지자체,N
남원 백두대간 국민여가캠핑장,전북특별자치도,남원시,전북특별자치도 남원시 운봉읍 주촌3길 49-4,0,31,0,0,2017-07-25,A,고캠핑 전국 야영장 등록현황(한국관광공사),N,지자체,N
남원 자연휴양림,전북특별자치도,남원시,전북특별자치도 남원시 보산로 228 (갈치동),34,0,0,0,2015-06-29,A,고캠핑 전국 야영장 등록현황(한국관광공사),N,지자체,Y
무주수목원캠핑장,전북특별자치도,무주군,전북특별자치도 무주군 설천면 구천동로 1092-34,41,0,10,0,2017-07-21,A,고캠핑 전국 야영장 등록현황(한국관광공사),N,사립·민간,N
성수산 왕의숲 국민여가캠핑장,전북특별자치도,임실군,전북특별자치도 임실군 성수면 성수산길 374,13,14,4,6,2023-06-01,A,고캠핑 전국 야영장 등록현황(한국관광공사),N,지자체,N
오수의견 국민여가캠핑장,전북특별자치도,임실군,전북특별자치도 임실군 오수면 의견로 3,0,0,0,0,2025-06-23,A,고캠핑 전국 야영장 등록현황(한국관광공사),N,지자체,N
내장산국립공원 내장야영장,전북특별자치도,정읍시,전북특별자치도 정읍시 내장동 내장산로 800(내장동 92-2),69,0,0,0,2015-08-03,A,고캠핑 전국 야영장 등록현황(한국관광공사),N,국가기관(국립공원공단·산림청),N
내장산국립공원 내장호야영장,전북특별자치도,정읍시,전북특별자치도 정읍시 내장호반로 276 (내장동),0,38,20,0,2023-10-06,A,고캠핑 전국 야영장 등록현황(한국관광공사),N,국가기관(국립공원공단·산림청),N
운일암반일암 국민여가캠핑장,전북특별자치도,진안군,전북특별자치도 진안군 주천면 동상주천로 1996-13,0,68,20,0,2020-07-02,A,고캠핑 전국 야영장 등록현황(한국관광공사),N,지자체,N
금산 국민여가캠핑장,충청남도,금산군,충청남도 금산군 제원면 닥실길 16,24,0,0,1,2015-03-30,A,고캠핑 전국 야영장 등록현황(한국관광공사),N,지자체,N
금산만악리수목원 오토캠핑장,충청남도,금산군,충청남도 금산군 진산면 초미동길 138-10,0,25,0,10,2021-12-21,A,고캠핑 전국 야영장 등록현황(한국관광공사),N,사립·민간,N
대둔산자연휴양림캠핑장,충청남도,금산군,충청남도 금산군 진산면 대둔산로 6,0,0,8,0,2015-08-03,A,고캠핑 전국 야영장 등록현황(한국관광공사),N,지자체,Y
심천치유자연휴양림야영장,충청남도,금산군,충청남도 금산군 남일면 신동길 239-123,0,136,5,3,2022-01-24,A,고캠핑 전국 야영장 등록현황(한국관광공사),N,사립·민간,Y
(업종통합) 희리산 해송자연휴양림 일반야영장,충청남도,서천군,충청남도 서천군 종천면 희리산길 206,0,0,0,0,2015-05-21,A,고캠핑 전국 야영장 등록현황(한국관광공사),N,국가기관(국립공원공단·산림청),Y
(중복제거) 희리산해송자연휴양림 자동차야영장 (산림청 국립자연휴양림관리소),충청남도,서천군,충청남도 서천군 종천면 희리산길 206,0,0,0,0,2015-05-21,A,고캠핑 전국 야영장 등록현황(한국관광공사),N,국가기관(국립공원공단·산림청),Y
산림청 국립자연휴양림관리소,충청남도,서천군,충청남도 서천군 종천면 희리산길 206,0,0,0,0,2015-05-21,A,고캠핑 전국 야영장 등록현황(한국관광공사),N,국가기관(국립공원공단·산림청),Y
서천 국민여가 캠핑장,충청남도,서천군,충청남도 서천군 마서면 장산로 856,40,0,0,0,2022-10-07,A,고캠핑 전국 야영장 등록현황(한국관광공사),N,지자체,N
천안시 국민여가캠핑장,충청남도,천안시,충청남도 천안시 동남구 목천읍 교촌7길 46-13,0,0,0,0,2018-09-07,A,고캠핑 전국 야영장 등록현황(한국관광공사),N,지자체,N
칠갑산도림휴양림캠핑장,충청남도,청양군,충청남도 청양군 장평면 도림로 354,9,0,0,0,2016-07-20,A,고캠핑 전국 야영장 등록현황(한국관광공사),N,지자체,Y
청천수목원 야영장,충청북도,괴산군,충청북도 괴산군 청천면 도원1길 68,30,20,0,0,2015-05-14,A,고캠핑 전국 야영장 등록현황(한국관광공사),N,사립·민간,N
보은국민여가캠핑장,충청북도,보은군,충청북도 보은군 보은읍 속리산로 30,0,23,10,0,2023-07-17,A,고캠핑 전국 야영장 등록현황(한국관광공사),N,지자체,N
문암생태공원,충청북도,청주시,충청북도 청주시 흥덕구 무심서로 1097 (문암동),28,0,0,0,2016-09-26,A,고캠핑 전국 야영장 등록현황(한국관광공사),N,지자체,N
